,2000,2001,2002,2003,2004,2005,2006,2007,2008,2009,2010,2011,2012,2013,2014
1,0,1.83365116620214,1.65762065424674,2.78714977262726,6.87985917559044,2.96318028458266,2.3104004694147,4.51811647352208,1.13686372304533,6.05104884846707,1.67228986357635,2.20771600410738,4.92151973008655,3.27123368050462,0.388734047234854
2,0,1.82631656153733,1.66495525891154,2.44242335338125,7.51063517676397,2.19304679477776,1.38624028164882,4.73815461346633,0.953498606425114,5.20756931201408,1.56227079360422,2.37641191139798,4.93618893941617,3.27123368050462,0.982837025084348
3,0,1.40824409564324,1.14419832771014,2.16370837611853,7.62798885140091,3.53527944843773,1.56227079360422,5.70632242922107,1.2028751650286,19.8034325949831,1.59160921226346,2.45709256271087,4.56212410151093,2.06102391081121,0.953498606425114
4,0,1.84098577086695,1.10752530438609,1.85565498019657,7.56197740941763,3.54261405310254,1.76030511955406,7.64999266539534,1.27622121167669,20.6395775267713,1.47425553762652,2.4790963767053,4.40809740354995,1.40824409564324,0.30805339592196
5,0,1.84098577086695,1.01951004840839,1.6282822355875,7.30526624614933,3.96802112366143,1.78230893354848,6.22707936042247,1.18087135103418,17.3976822649259,1.50359395628576,2.32506967874432,4.21006307760012,1.37890567698401,0.396068651899663
6,0,1.52559777028018,0.960833211089922,1.46692093296171,7.55464280475282,3.49127182044888,4.46677424086842,3.92401349567258,1.42291330497286,17.2069825436409,1.3715710723192,2.27372744609066,3.91667889100777,1.21020976969341,0.344726419246003
7,0,1.51092856095056,0.850814141117794,2.00234707349274,7.42995452545108,3.30057209916386,4.26140531025378,3.46926800645445,1.42291330497286,17.8817661728033,1.15886753703975,1.54760158427461,4.37142438022591,1.21754437435822,3.26389907583981
8,0,1.69429367757078,0.696787443156814,1.95833944550389,6.64515182631656,2.72847293530879,2.0536893061464,2.33240428340912,0.836144931788177,15.7327270060144,1.08552149039167,1.44491711896729,4.78949684611999,1.13686372304533,8.12674196860789
9,0,1.49625935162095,0.550095349860642,1.9730086548335,6.5057943376852,2.27372744609066,1.92166642217984,3.26389907583981,0.608772187179111,13.6203608625495,0.396068651899663,1.38624028164882,4.61346633416459,1.09285609505648,7.07055889687546
10,0,1.41557870030805,0.440076279888514,1.9656740501687,6.47645591902596,2.86049581927534,1.78230893354848,3.88734047234854,0.608772187179111,10.6205075546428,0.396068651899663,3.71864456505794,3.78465600704122,0.902156373771454,4.76015842746076
11,0,1.41557870030805,0.469414698547748,1.8849933988558,6.21241015109286,2.68446530731994,1.67228986357635,4.08537479829837,0.608772187179111,9.10224438902743,5.53762652193047,11.4639870910958,3.82866363503007,0.836144931788177,2.97784949391228
12,0,2.77248056329764,0.498753117206983,1.29089042100631,6.76984010561831,3.35924893648232,1.57694000293384,4.91418512542174,36.7683731846853,7.85536159600997,7.49596596743436,10.7745342526038,5.43494205662315,0.748129675810474,2.21505060877219
13,0,2.66979609799032,0.630776001173537,1.13686372304533,8.03872671263019,4.59146252017016,2.87516502860496,4.56945870617574,40.1642951444917,6.38110605838345,4.09270940296318,7.45929294411031,5.43494205662315,0.623441396508728,1.23954818835265
14,0,1.68695907290597,0.630776001173537,1.04151386240282,7.95071145665249,4.5401202875165,2.97784949391228,4.56945870617574,30.7466627548775,5.80167228986358,2.47176177204049,5.51562270793604,14.6912131436116,0.520756931201408,1.12952911838052
15,0,1.15886753703975,1.15886753703975,0.975502420419539,13.8990758398122,3.4252603784656,4.65747396215344,5.06087721871791,24.0134956725832,4.5401202875165,2.03902009681678,4.67214317148306,15.8794190993105,0.506087721871791,0.777468094469708
16,0,0.704122047821622,24.6956139064104,1.0268446530732,13.6937069091976,2.93384186592343,4.84083907877365,11.8893941616547,20.6249083174417,4.34942056623148,1.30555963033592,3.5132756344433,15.7547308200088,0.535426140531025,0.652779815167962
17,0,1.1955405603638,35.1254217397682,0.982837025084348,14.4785096083321,2.75781135396802,2.02435088748716,11.8453865336658,18.160481150066,3.91667889100777,1.34223265365997,2.91917265659381,14.6105324922987,0.447410884553323,0.61610679184392
18,0,1.1955405603638,34.5753263899076,0.814141117793751,16.128795657914,2.30306586474989,1.84098577086695,9.75502420419539,18.160481150066,3.71130996039313,0.689452838492005,3.05119554056036,15.4320082147572,0.56476455919026,0.454745489218131
19,0,0.660114419832771,34.5753263899076,0.858148745782602,16.9576059850374,2.50110019069972,3.13921079653807,7.7086695027138,19.5980636643685,3.24189526184539,0.66744902449758,2.47176177204049,15.4320082147572,0.528091535866217,0.35939562857562
20,0,0.608772187179111,39.5335191433182,0.777468094469708,26.2358808860202,2.51576940002934,10.7525304386094,7.44462373478069,23.4560657180578,3.01452251723632,13.5323456065718,3.13187619187326,23.6687692533372,0.5134223265366,0.293384186592343
21,0,0.440076279888514,33.3871204342086,0.865483350447411,26.0085081414112,2.7431421446384,10.3784656007041,7.44462373478069,43.1201408244096,3.97535572832624,14.5885286783042,3.11720698254364,57.738007921373,3.14654540120288,0.315388000586768
22,0,0.396068651899663,28.3189086108259,0.828810327123368,20.9843039460173,1.77497432888367,8.42746075986504,7.12190112952912,48.3937215784069,3.75531758838199,7.64999266539534,2.28106205075546,60.5838345313188,3.14654540120288,0.168695907290597
23,0,0.322722605251577,21.0869884113246,1.16620214170456,18.967287663195,2.20771600410738,8.31744168989291,6.05838345313188,46.7947777614787,3.05119554056036,4.80416605544961,2.07569312014082,53.564617867097,0.704122047821622,0.132022883966554
24,0,2.222385213437,18.9379492445357,1.12219451371571,15.4906850520757,11.1412644858442,8.29543787589849,5.47161507994719,46.7947777614787,4.24673610092416,2.9998533079067,2.06102391081121,49.691946604078,0.432741675223705,0.469414698547748
25,0,2.3984157253924,16.1874724952325,1.39357488631363,14.1044447704269,14.3024790963767,5.53762652193047,5.3982690332991,54.0266979609799,10.6571805779668,1.69429367757078,3.05119554056036,41.4331817515036,0.520756931201408,0.594102977849494
26,0,4.12204782162241,15.4100044007628,19.2166642217984,12.2634589995599,10.7378612292797,4.92151973008655,5.35426140531025,52.376411911398,12.4981663488338,1.35690186298958,2.76514595863283,34.6413378318909,0.454745489218131,0.542760745195834
27,0,4.12204782162241,11.647352207716,19.3706909197594,14.0677717471028,8.94088308640164,4.75282382279595,5.18556549801966,52.3544080974035,7.42261992078627,0.843479536452985,2.69179991198474,29.8665101951005,0.418072465894088,0.403403256564471
28,0,2.39108112072759,10.5544961126595,9.51298225025671,14.0677717471028,6.9385360129089,4.40809740354995,4.95819275341059,60.3637963913745,4.92151973008655,0.894821769106645,6.37377145371864,24.6442716737568,0.872817955112219,0.403403256564471
29,0,1.95833944550389,10.5544961126595,8.91887927240722,11.6253483937216,3.1685492151973,4.40809740354995,4.40809740354995,60.3637963913745,3.95335191433182,0.887487164441837,7.23192019950125,21.915798738448,0.865483350447411,0.374064837905237
30,0,1.90699721285023,12.527504767493,4.78216224145519,11.4639870910958,3.09520316854922,1.87765879419099,3.99002493765586,54.78949684612,3.89467507701335,0.733460466480857,5.08288103271234,18.4318615226639,0.293384186592343,0.264045767933108
31,0,1.47425553762652,12.0800938829397,2.72113833064398,19.7520903623295,2.67713070265513,2.04635470148159,3.61596009975062,50.154026697961,4.40809740354995,0.777468094469708,4.05603637963914,13.4149919319349,0.234707349273874,0.190699721285023
32,0,0.865483350447411,9.73302039020097,-2.72113833064398,19.7520903623295,2.45709256271087,1.91433181751504,4.0266979609799,47.5795804606132,4.38609358955552,0.652779815167962,3.07319935455479,12.4688279301746,0.315388000586768,0.146692093296171
33,0,0.674783629162388,8.33211089922253,1.30555963033592,15.1166202141705,2.81648819128649,2.32506967874432,4.12938242628722,43.677570778935,30.5779668475869,0.66744902449758,2.66246149332551,11.493325509755,0.286049581927534,0.124688279301746
34,0,0.660114419832771,8.33211089922253,1.26155200234707,14.214463840399,2.64779228399589,3.61596009975062,4.46677424086842,39.6582074226199,29.9471908464134,0.469414698547748,2.23705442276661,11.493325509755,0.30805339592196,0.0880152559777028
35,0,0.56476455919026,8.33211089922253,1.99501246882793,14.1851254217398,2.00234707349274,3.61596009975062,4.18072465894088,35.4848173683438,17.7864163121608,0.572099163855068,1.68695907290597,9.18292504034033,0.645445210503154,0.0953498606425114
36,0,0.799471908464134,5.25891154466774,15.1459586328297,13.4736687692533,1.49625935162095,3.61596009975062,3.67463693706909,33.3357782015549,14.3244829103711,0.71879125715124,2.71380372597917,8.37611852721138,0.535426140531025,0.0660114419832771
37,0,0.784802699134517,2.6551268886607,14.940589702215,12.4028164881913,1.83365116620214,10.8112072759278,3.54994865776735,31.2527504767493,7.89203461933402,0.579433768519877,2.71380372597917,7.95071145665249,0.572099163855068,0.0660114419832771
38,0,0.5134223265366,2.52310400469415,5.40560363796391,11.1852721138331,1.91433181751504,11.5886753703975,2.53777321402376,28.1648819128649,6.43978289570192,0.425407070558897,1.52559777028018,5.28091535866217,4.33475135690186,0.894821769106645
39,0,0.476749303212557,2.45709256271087,5.42760745195834,10.268446530732,1.17353674636937,16.5688719378026,3.08786856388441,24.3655566964941,5.69165321989145,0.249376558603491,1.51826316561537,5.28091535866217,7.43728913011589,0.887487164441837
40,0,0.579433768519877,2.50843479536453,29.8151679624468,9.89438169282676,1.44491711896729,18.9966260818542,2.9998533079067,22.3412058090069,4.52545107818689,0.249376558603491,0.557429954525451,5.28091535866217,12.4101510928561,2.00234707349274
41,0,0.682118233827197,2.28106205075546,35.1254217397682,10.077746809447,1.18087135103418,13.7963913745049,3.03652633123075,22.1211676690626,3.75531758838199,0.242041953938683,0.711456652486431,5.58163414991932,11.5299985330791,4.52545107818689
42,0,0.682118233827197,2.09036232947044,28.392254657474,9.74768959953058,0.997506234413965,6.82851694293678,2.84582660994572,22.7812820888954,2.91917265659381,0.330057209916385,0.71879125715124,7.40795071145665,10.2537773214024,4.43010121754437
43,0,0.682118233827197,2.45709256271087,22.1285022737274,9.37362476162535,0.403403256564471,6.83585154760158,2.63312307466628,22.7299398562417,2.77981516796245,0.535426140531025,0.968167815754731,7.41528531612146,6.66715564031099,4.4521050315388
44,0,3.77732140237641,2.32506967874432,12.5861816048115,9.30027871497726,0.880152559777028,7.13657033885874,2.24438902743142,24.7542907437289,2.66246149332551,0.535426140531025,0.821475722458559,15.8427460759865,6.15373331377439,6.47645591902596
45,0,4.22473228692973,3.58662168109139,7.68666568871938,10.5471615079947,1.84832037553176,16.7302332404283,2.41308493472202,23.6981076719965,2.58911544667742,0.0953498606425114,1.18820595569899,15.402669796098,3.47660261111926,9.04356755170896
46,0,2.51576940002934,3.62329470441543,6.69649405897022,10.5471615079947,30.0425407070559,18.1898195687252,2.61111926067185,22.1798445063811,2.94117647058824,0.0953498606425114,1.21020976969341,11.8820595569899,1.54760158427461,9.4176323896142
47,0,2.49376558603491,2.07569312014082,9.52765145958633,7.67199647938976,30.0425407070559,32.9690479683145,2.61111926067185,19.3266832917706,2.38374651606278,7.37127768813261,0.572099163855068,9.27094029631803,1.15886753703975,9.57165908757518
48,0,1.04151386240282,0.990171629749157,8.76485257444624,5.63297638257298,36.0422473228693,33.8418659234267,11.2439489511515,18.6445650579434,2.80915358662168,10.8992225319055,0.557429954525451,9.35162094763092,0.748129675810474,22.4658940883086
49,0,0.880152559777028,0.594102977849494,3.95335191433182,7.38594689746223,45.364529851841,29.3604224732287,15.5420272847294,19.8767786416312,2.78714977262726,10.7231920199501,1.2028751650286,12.3954818835265,2.00968167815755,23.5440809740355
50,0,0.777468094469708,0.579433768519877,1.29089042100631,-7.38594689746223,41.9686078920346,26.1405310253777,14.4711750036673,18.1384773360716,1.7089628869004,7.40061610679184,7.15857415285316,11.2146105324923,12.6081854188059,19.312014082441
51,0,0.909490978436262,0.352061023910811,1.29822502567112,11.8893941616547,31.8908610825876,20.5148892474696,11.9407363943083,16.2168109138917,2.567111632683,6.83585154760158,12.3881472788617,9.13891741235147,13.4003227226053,14.3904943523544
52,0,1.0268446530732,0.35939562857562,1.29822502567112,11.8820595569899,26.0818541880593,30.6733167082294,10.6938536012909,13.6423646765439,2.567111632683,5.22957312600851,12.0947630922693,7.43728913011589,8.6474988998093,9.65967434355288
53,0,1.0268446530732,0.56476455919026,1.29822502567112,10.2611119260672,22.9206395775268,30.9153586621681,7.95804606131729,12.1681091389174,3.32257591315828,1.84832037553176,4.78949684611999,7.75267713070266,4.59146252017016,7.35660847880299
54,0,3.32991051782309,0.623441396508728,6.8505207569312,10.8625495085815,11.0605838345313,23.258031392108,7.09256271086988,9.56432448291037,3.32257591315828,0.946164001760305,2.2297198181018,7.71600410737861,2.60378465600704,2.72113833064398
55,0,3.02185712190113,0.41073786122928,6.84318615226639,13.833064397829,10.9725685785536,18.5932228252897,5.96303359248936,9.29294411031245,2.35440809740355,0.902156373771454,1.15153293237495,7.72333871204342,1.29822502567112,1.86298958486138
56,0,1.55493618893942,0.300718791257151,17.9771160334458,13.8403990024938,14.5738594689746,14.3978289570192,5.22957312600851,9.43963620360863,2.35440809740355,0.806806513128942,1.23954818835265,7.98738447997653,0.234707349273874,1.04884846706763
57,0,1.55493618893942,0.300718791257151,18.2118233827197,10.7158574152853,15.7253924013496,11.6546868123808,6.04371424380226,11.6986944403697,3.05853014522517,0.594102977849494,0.931494792430688,8.25876485257445,0.396068651899663,0.887487164441837
58,0,1.52559777028018,0.418072465894088,16.6788910077747,11.4273140677717,17.1409711016576,12.2414551855655,6.05104884846707,14.1924600264046,8.80152559777028,0.66744902449758,0.843479536452985,9.21226345899956,0.528091535866217,0.762798885140091
59,0,17.2289863576353,2.25172363209623,12.5421739768226,11.4273140677717,13.7523837465161,13.906410444477,23.2653659967728,14.3098137010415,8.94821769106645,0.821475722458559,2.86783042394015,8.20742261992079,0.528091535866217,0.748129675810474
60,0,17.2289863576353,2.24438902743142,8.69884113246296,16.4808566818249,13.561684025231,13.5103417925774,23.2433621827783,14.3098137010415,9.42496699427901,0.858148745782602,3.75531758838199,8.9042100630776,0.528091535866217,1.72363209623001
61,0,17.1116326829984,1.13686372304533,4.21739768226493,27.0646912131436,17.9111045914625,11.5226639284143,23.1993545547895,16.4148452398416,16.2681531465454,0.858148745782602,2.94851107525304,28.3042394014963,13.6130262578847,1.7969781428781
62,0,12.490831744169,1.07818688572686,4.01202875165029,28.5976235880886,29.771160334458,10.6058383453132,23.1993545547895,15.2633123074666,26.6172803285903,1.57694000293384,1.86298958486138,31.186739034766,13.7010415138624,1.54760158427461
63,0,10.957899369224,1.06351767639724,3.72597916972275,33.2991051782309,28.2162241455186,11.265952765146,32.3529411764706,12.0507554642805,25.1283555816341,18.505207569312,2.08302772480563,30.84201261552,2.25172363209623,1.15153293237495
64,0,10.8185418805926,1.07085228106205,3.72597916972275,31.494792430688,19.7520903623295,18.1311427314068,30.6806513128942,9.00689452838492,21.8864603197888,19.040633709843,2.83849200528092,32.5363062930908,1.26155200234707,0.66744902449758
65,0,3.35924893648232,1.01217544374358,4.51078186885727,22.8986357635323,16.6348833797858,16.0261111926067,24.5855948364383,9.38829397095497,20.8596156667156,-19.040633709843,10.767199647939,33.6511662021417,0.396068651899663,1.0268446530732
66,0,1.07085228106205,0.836144931788177,5.26624614933255,17.7204048701775,11.955405603638,13.1729499779962,24.3508874871644,10.1217544374358,17.7130702655127,19.040633709843,10.7158574152853,30.7466627548775,0.425407070558897,1.10019069972128
67,0,0.916825583101071,0.689452838492005,6.87985917559044,16.1581340765733,11.0972568578554,12.5568431861523,25.4877512102098,25.5977702801819,16.4881912864897,24.4389027431421,5.79433768519877,30.6806513128942,0.2567111632683,1.30555963033592
68,0,0.733460466480857,0.674783629162388,5.77233387120434,14.5445210503154,8.76485257444624,10.9212263459,24.2995452545108,25.517089628869,16.4881912864897,28.6269620067478,6.30042540707056,30.6733167082294,0.2567111632683,0.902156373771454
69,0,0.550095349860642,0.660114419832771,4.44477042687399,14.3978289570192,8.29543787589849,8.09006894528385,25.4730820008802,19.6787443156814,12.7695467214317,17.9037699867977,6.29309080240575,39.1447850960833,0.0953498606425114,1.25421739768227
70,0,0.535426140531025,0.726125861816048,4.33475135690186,14.36849053836,7.76734634003227,8.11207275927828,25.3557283262432,19.730086548335,12.7695467214317,13.7963913745049,5.43494205662315,37.8832330937362,0.0660114419832771,1.26155200234707
71,0,0.46208009388294,2.32506967874432,5.34692680064544,12.300132022884,7.00454745489218,8.44946457385947,18.8059263605692,19.6347366876925,12.7695467214317,4.73082000880153,3.46926800645445,36.166935602171,0.0806806513128942,7.79668475869151
72,0,0.5134223265366,2.32506967874432,5.29558456799179,11.7133636496993,8.18541880592636,7.99471908464134,18.8059263605692,19.9061170602905,31.7001613613026,4.73082000880153,3.46926800645445,33.5484817368344,0.0880152559777028,8.10473815461347
73,0,0.491418512542174,1.8849933988558,6.52046354701482,10.0850814141118,8.18541880592636,7.87003080533959,23.984157253924,14.2364676543934,32.4262872231187,5.08288103271234,3.47660261111926,29.11838051929,0.0660114419832771,4.77482763679038
74,0,0.469414698547748,2.15637377145372,9.91638550682118,9.71101657620654,8.42746075986504,5.83101070852281,23.984157253924,14.060437142438,20.1041513862403,20.9329617133636,5.12688866070119,27.7468094469708,0.0660114419832771,1.38624028164882
75,0,0.469414698547748,1.75297051488925,9.77702801818982,9.65967434355288,16.4588528678304,7.39328150212704,43.1494792430688,13.8844066304826,18.5492151973009,20.9769693413525,13.3636496992812,27.050022003814,0.0660114419832771,0.432741675223705
76,0,5.03887340472349,0.858148745782602,25.4657473962153,8.48613759718351,16.4661874724952,7.39328150212704,48.9144785096083,10.6865189966261,11.9700748129676,13.8990758398122,13.3196420712924,25.2457092562711,0.227372744609066,0.432741675223705
77,0,6.71116326829984,1.30555963033592,26.5439342819422,8.390787736541,16.3855068211823,7.32727006014376,42.3866803579287,8.92621387707203,9.95305853014523,4.12204782162241,7.71600410737861,20.8009388293971,0.249376558603491,0.242041953938683
78,0,8.53014522517236,1.30555963033592,20.6102391081121,6.74783629162388,12.6888660701188,7.03388587355142,38.3379785829544,7.40795071145665,7.08522810620508,3.57928707642658,7.20991638550682,22.2458559483644,0.124688279301746,0.227372744609066
79,0,8.87487164441837,-1.30555963033592,16.2681531465454,5.27358075399736,12.7035352794484,6.35910224438903,23.8814727886167,8.98489071439049,7.08522810620508,1.7969781428781,6.80651312894235,21.5637377145372,0.0220038139944257,0.176030511955406
80,0,6.68915945430541,-1.30555963033592,16.2608185418806,5.27358075399736,12.7622121167669,5.72832624321549,20.4855508288103,17.0016136130263,18.0871351034179,1.7969781428781,6.91653219891448,18.2484964060437,0.0366730233240428,0.10268446530732
81,0,4.26140531025378,-1.30555963033592,13.1069385360129,32.3089335484817,17.7937509168256,5.37626521930468,20.4855508288103,31.1280621974476,18.0871351034179,1.76763972421886,6.56447117500367,18.2484964060437,0.10268446530732,0.176030511955406
82,0,4.21739768226493,-1.30555963033592,9.24160187765879,33.2257591315828,17.779081707496,5.18556549801966,20.3975355728326,29.426433915212,12.8869003960687,1.76763972421886,6.36643684905384,18.7545841279155,0.0953498606425114,0.176030511955406
83,0,2.15637377145372,-1.30555963033592,8.83086401642951,32.5069678744316,32.2355875018336,4.93618893941617,21.2703535279448,22.3265365996773,7.04122047821622,35.440809740355,5.93369517383013,19.8401056183072,0.0146692093296171,12.3588088602024
84,0,2.23705442276661,-1.30555963033592,6.09505647645592,32.3236027578114,31.9348687105765,4.59146252017016,21.1529998533079,21.761772040487,4.18805926360569,42.5113686372305,4.56945870617574,17.3316708229426,0.0146692093296171,12.336805046208
85,0,2.16370837611853,-1.30555963033592,6.32242922106498,32.0668915945431,25.9571659087575,3.72597916972275,20.2215050608772,15.5640310987238,3.81399442570045,42.5113686372305,3.13921079653807,15.7033885873551,0.0220038139944257,10.3711309960393
86,0,2.11970074812968,-1.30555963033592,6.13172949977996,28.9130115886754,26.8519876778642,4.24673610092416,18.4391961273287,13.3783189086108,3.81399442570045,38.4406630482617,2.72113833064398,12.5935162094763,0.0220038139944257,7.1072319201995
87,0,1.06351767639724,-1.30555963033592,3.70397535572833,23.7494499046501,28.9130115886754,3.84333284435969,16.0041073786123,12.9162388147279,13.1289423500073,38.3013055596303,1.73830130555963,12.1974475575766,0.0953498606425114,4.40076279888514
88,0,1.10019069972128,1.30555963033592,1.15153293237495,22.8326243215491,35.3087868563884,3.89467507701335,9.79169722751944,12.9309080240575,13.2903036526331,38.3013055596303,0.909490978436262,9.24160187765879,0.0880152559777028,3.65263312307467
89,0,0.821475722458559,2.53043860935896,0.946164001760305,19.0993105471615,34.7733607158574,4.23206689159454,9.68901276221212,23.1700161361303,8.20742261992079,35.0374064837905,1.01951004840839,9.20492885433475,0.10268446530732,4.09270940296318
90,0,0.572099163855068,2.20771600410738,2.54510781868857,16.8622561243949,34.5899955992372,4.23206689159454,8.64016429514449,24.174856975209,7.29059703681972,32.7636790376999,0.792137303799325,12.1974475575766,0.190699721285023,6.80651312894235
91,0,0.550095349860642,1.48892474695614,2.88249963326977,16.8769253337245,32.8957019216664,2.92650726125862,5.7356608478803,24.174856975209,6.99721285022737,23.3020390200968,2.42041953938683,9.87237787883233,0.234707349273874,6.80651312894235
92,0,0.542760745195834,0.704122047821622,8.69150652779815,16.0994572392548,31.0620507554643,0.953498606425114,4.23206689159454,20.3681971541734,8.12674196860789,17.8230893354848,2.61111926067185,9.87237787883233,0.146692093296171,13.6863723045328
93,0,0.469414698547748,0.814141117793751,8.27343406190406,13.5543494205662,30.7099897315535,0.953498606425114,4.32008214757225,13.8770720258178,10.9505647645592,17.5517089628869,6.15373331377439,9.45430541293824,0.0733460466480857,14.1337831890861
94,0,0.337391814581194,0.814141117793751,5.478949684612,10.2831157400616,24.9963326976676,1.00484083907877,4.32008214757225,12.6155200234707,12.3734780695321,12.7255390934429,6.18307173243362,8.94088308640164,0.0660114419832771,16.400176030512
95,0,21.6517529705149,22.5025671116327,5.478949684612,9.49097843626229,24.101510928561,6.82118233827197,7.29793164148452,12.5935162094763,12.1241015109286,12.7255390934429,6.168402523104,7.29059703681972,0.161361302625788,16.3928414258471
96,0,21.6150799471908,22.4732286929734,6.32242922106498,9.2489364823236,24.0648379052369,8.42746075986504,7.29793164148452,7.35660847880299,11.992078626962,9.93838932081561,6.168402523104,6.94587061757371,0.748129675810474,14.7572245855948
97,0,5.3909344286343,4.17339005427607,13.3783189086108,9.37362476162535,21.952471761772,9.95305853014523,7.48863136276955,6.24174856975209,10.6938536012909,9.94572392548042,6.168402523104,7.79668475869151,0.740795071145665,14.0457679331084
98,0,5.3909344286343,4.04870177497433,13.4076573272701,11.1192606718498,21.952471761772,9.4176323896142,7.73800792137304,4.83350447410885,10.649845973302,7.98738447997653,32.7710136423647,9.38829397095497,0.168695907290597,8.33944550388734
99,0,5.3909344286343,4.04870177497433,13.4076573272701,10.1951004840839,22.6199207862696,4.58412791550535,6.64515182631656,6.83585154760158,9.34428634296611,7.98738447997653,32.9030365263312,9.28560950564765,0.0293384186592343,7.65732727006014
100,0,3.61596009975062,4.45943963620361,21.3216957605985,8.40545694587062,22.6199207862696,4.51811647352208,6.68915945430541,6.65248643098137,1.81164735220772,8.80152559777028,26.9473375385067,9.13158280768667,0.0440076279888514,7.65732727006014
101,0,0.645445210503154,4.04136717030952,22.7886166935602,4.59879712483497,22.6199207862696,4.51811647352208,6.71116326829984,4.13671703095203,1.81898195687252,8.75018336511662,19.7594249669943,14.5371864456506,0.0880152559777028,7.65732727006014
102,0,0.366730233240428,1.72363209623001,22.7886166935602,3.93134810033739,26.7933108405457,4.51811647352208,6.71116326829984,4.18805926360569,1.01217544374358,9.10957899369224,10.9212263459,14.7572245855948,0.0880152559777028,15.8720844946457
103,0,0.161361302625788,1.72363209623001,27.5121020976969,4.48877805486284,25.6637817221652,4.51078186885727,12.1754437435822,18.1384773360716,1.72363209623001,9.10957899369224,9.52031685492152,17.6690626375238,0.05134223265366,17.3683438462667
104,0,0.117353674636937,1.72363209623001,22.6125861816048,6.12439489511515,23.4780695320522,5.27358075399736,20.228839665542,19.1653219891448,1.72363209623001,10.1070852281062,5.46428047528238,16.1801378905677,0,14.7205515622708
105,0,0.0806806513128942,-1.72363209623001,14.3831597476896,26.3238961419979,18.006454452105,6.36643684905384,20.228839665542,19.2826756637817,0.286049581927534,13.5470148159014,8.74284876045181,13.0629309080241,0,14.5885286783042
106,0,0.139357488631363,0.176030511955406,8.78685638844066,28.8323309373625,17.8010855214904,6.20507554642805,20.228839665542,18.0137890567698,0.271380372597917,13.1656153733314,9.57899369223999,13.0629309080241,0.00733460466480857,28.0621974475576
107,0,0.132022883966554,0.498753117206983,4.99486577673463,25.4877512102098,21.4537186445651,6.14639870910958,42.8560950564765,9.27827490098284,0.20536893061464,10.8772187179111,5.92636056916532,13.0555963033592,0.00733460466480857,27.5707789350154
108,0,0.00733460466480857,0.498753117206983,4.92885433475136,15.2706469121314,21.6664221798445,1.34956725832478,38.2059556989878,9.96039313481003,0.168695907290597,10.0117353674637,3.05853014522517,12.7915505354261,0.00733460466480857,27.5707789350154
109,0,0.00733460466480857,0.484083907877365,1.43024790963767,13.8477336071586,21.1016576206542,0.997506234413965,38.2059556989878,9.96039313481003,0.124688279301746,10.0117353674637,2.567111632683,10.7451958339445,0.0366730233240428,27.4387560510488
110,0,0.660114419832771,0.2567111632683,1.10019069972128,10.5691653219891,14.5665248643098,0.322722605251577,28.7956579140384,17.9991198474402,0.117353674636937,10.0117353674637,1.73830130555963,11.6913598357049,0.0440076279888514,27.4387560510488
111,0,7.23925480416606,0.0880152559777028,1.10019069972128,6.14639870910958,14.2584714683879,0.322722605251577,28.7883233093736,17.9991198474402,0.0440076279888514,22.22385213437,1.34956725832478,11.6620214170456,0.00733460466480857,26.9326683291771
112,0,7.23925480416606,0.0806806513128942,4.8775121020977,3.46193340178964,12.0067478362916,0.330057209916385,24.4902449757958,25.9791697227519,0.0366730233240428,39.8929147718938,0.520756931201408,9.18292504034033,0,21.879125715124
113,0,7.23925480416606,0.0146692093296171,5.134223265366,3.13921079653807,12.2267859762359,1.22487897902303,21.6957605985037,33.1010708522811,0.0293384186592343,38.8000586768373,0.249376558603491,9.09490978436262,0,23.5807539973595
114,0,7.85536159600997,0.0440076279888514,5.81634149919319,2.27372744609066,10.4738154613466,1.22487897902303,18.7472495232507,27.8788323309374,0.0220038139944257,37.35514155787,0.286049581927534,9.09490978436262,0,20.9549655273581
115,0.0733460466480857,14.0824409564324,0.0440076279888514,4.35675517089629,1.05618307173243,8.22942643391521,15.3880005867684,18.7472495232507,21.4537186445651,0.0146692093296171,34.560657180578,0.176030511955406,6.40310987237788,0,15.7327270060144
116,8.46413378318909,13.9724218864603,0.0293384186592343,4.35675517089629,1.05618307173243,6.62314801232214,15.9454305412938,22.1431714830571,15.4320082147572,0.0146692093296171,28.7663194953792,0.15402669796098,3.26389907583981,0,13.0922693266833
117,-8.46413378318909,13.9724218864603,0.0293384186592343,4.33475135690186,1.13686372304533,3.71130996039313,16.5542027284729,22.1431714830571,13.9724218864603,0.0806806513128942,17.3830130555963,0.117353674636937,2.96318028458266,0.0220038139944257,11.8453865336658
118,-8.46413378318909,12.7622121167669,0.0293384186592343,6.46912131436116,0.909490978436262,3.71130996039313,13.0335924893648,19.6494058970221,9.76969341352501,0.124688279301746,16.2094763092269,0,1.66495525891154,0.0220038139944257,10.2904503447264
119,-8.46413378318909,12.7622121167669,4.73082000880153,25.1650286049582,0.139357488631363,3.34457972715271,5.23690773067332,17.8377585448144,7.90670382866363,0.146692093296171,15.211970074813,0.00733460466480857,2.25905823676104,0.117353674636937,6.3370984303946
120,13.6350300718791,14.2217984450638,4.73082000880153,23.4927387413818,0.139357488631363,3.34457972715271,0.990171629749157,9.60099750623441,6.49845973302039,0.146692093296171,9.18292504034033,0.00733460466480857,2.25172363209623,0.117353674636937,5.38359982396949
121,13.6350300718791,13.4736687692533,26.0378465600704,9.15358662168109,0.0220038139944257,2.33240428340912,0.71879125715124,10.4371424380226,3.31524130849347,14.8745782602318,5.55963033592489,0.00733460466480857,2.31773507407951,0.41073786122928,3.85800205368931
122,8.36144931788177,10.114419832771,25.8911544667742,6.47645591902596,0.0220038139944257,2.06102391081121,0.61610679184392,10.5544961126595,2.85316121461053,14.8525744462373,1.95833944550389,0.0440076279888514,1.81898195687252,0.594102977849494,4.32741675223705
123,2.9998533079067,9.40296318028458,16.5101951004841,2.90450344726419,0.0220038139944257,2.06835851547602,0.652779815167962,15.556696494059,1.40090949097844,0.0880152559777028,1.47425553762652,12.5348393721578,1.82631656153733,0.330057209916385,3.96802112366143
124,0.300718791257151,1.01217544374358,16.5101951004841,1.67962446824116,29.4190993105472,1.91433181751504,0.652779815167962,13.9797564911251,1.77497432888367,0.00733460466480857,1.4595863282969,12.5348393721578,1.84098577086695,0.330057209916385,2.4790963767053
125,0.300718791257151,1.01217544374358,16.5101951004841,1.67962446824116,30.3285902889834,3.07319935455479,2.72113833064398,6.63048261698694,0.953498606425114,0,1.4595863282969,0.476749303212557,0.828810327123368,0.212703535279448,1.70162828223559
126,0.264045767933108,1.01217544374358,15.0726125861816,1.69429367757078,9.65967434355288,2.35440809740355,5.71365703388587,6.13906410444477,0.146692093296171,0.0220038139944257,9.49097843626229,0.0806806513128942,0.828810327123368,0.110019069972128,1.38624028164882
127,0.264045767933108,5.42760745195834,15.0726125861816,1.69429367757078,9.60833211089922,1.21020976969341,5.59630335924894,5.45694587061757,0.168695907290597,0.0220038139944257,9.33695173830131,0.00733460466480857,0.990171629749157,0.15402669796098,1.68695907290597
128,0.264045767933108,6.2490831744169,15.3806659821036,1.69429367757078,4.98753117206983,0.330057209916385,4.04870177497433,3.81399442570045,1.32756344433035,0.887487164441837,0.15402669796098,0.00733460466480857,1.01951004840839,7.40061610679184,1.68695907290597
129,7.84802699134517,14.7205515622708,12.3148012322136,21.8717911104591,1.87765879419099,0.396068651899663,3.29323749449905,2.61845386533666,4.68681238081267,0.887487164441837,0.249376558603491,1.18820595569899,1.23221358368784,24.0648379052369,0.748129675810474
130,7.88470001466921,14.6545401202875,10.0630776001174,22.3192019950125,1.86298958486138,0.220038139944257,2.83115740061611,3.62329470441543,10.5838345313188,0.887487164441837,0.35939562857562,13.5690186298958,8.40545694587062,22.3412058090069,1.05618307173243
131,7.88470001466921,12.2267859762359,10.0557429954525,18.8719378025524,1.86298958486138,0.418072465894088,4.57679331084055,9.04356755170896,9.54965527358075,1.34956725832478,0.337391814581194,14.2438022590582,8.80886020243509,13.3929881179404,17.8010855214904
132,2.54510781868857,5.78700308053396,10.0557429954525,18.3365116620214,7.39328150212704,0.418072465894088,4.65747396215344,8.390787736541,5.00220038139944,1.47425553762652,0.249376558603491,27.3874138183952,8.35411471321696,5.9116913598357,17.5370397535573
133,0.0146692093296171,4.56212410151093,16.1654686812381,22.6272553909344,7.37861229279742,1.12219451371571,14.8305706322429,3.71864456505794,1.01951004840839,1.47425553762652,0.249376558603491,27.3874138183952,9.1609212263459,2.3984157253924,11.2072759278275
134,0.0586768373184685,4.64280475282382,15.5640310987238,22.6272553909344,7.37861229279742,1.12219451371571,17.3243362182778,3.71864456505794,0.682118233827197,1.47425553762652,5.61097256857855,22.069825436409,7.18057796684759,4.85550828810327,24.7982983717178
135,0.0733460466480857,4.64280475282382,10.6718497872965,20.9109578993692,8.31744168989291,2.60378465600704,12.9235734193927,2.20771600410738,0.652779815167962,11.8527211383306,8.72817955112219,13.6570338858736,6.05104884846707,4.85550828810327,22.5832477629456
136,0.0733460466480857,4.57679331084055,7.45929294411031,20.0161361302626,12.989584861376,2.66246149332551,4.67214317148306,0.176030511955406,0.71879125715124,17.1116326829984,7.58398122341206,4.44477042687399,3.99735954232067,4.71615079947191,13.3636496992812
137,0.0733460466480857,4.57679331084055,7.31260085081414,18.8719378025524,36.5703388587355,3.38858735514156,2.53777321402376,0.176030511955406,0.601437582514302,17.0602904503447,9.28560950564765,1.77497432888367,1.56227079360422,16.47352207716,9.70368197154173
138,0.0293384186592343,4.25407070558897,9.23426727299399,15.2046354701482,35.3161214610532,3.38858735514156,0.0293384186592343,0.0366730233240428,0.682118233827197,16.9282675663782,21.3877072025818,1.27622121167669,1.56227079360422,16.3855068211823,9.70368197154173
139,0.00733460466480857,3.70397535572833,9.23426727299399,9.75502420419539,17.6103858002054,3.35924893648232,0.0293384186592343,0,0.286049581927534,16.4955258911545,18.1164735220772,0.836144931788177,0.894821769106645,6.26375238374652,5.28091535866217
140,0,0.0440076279888514,9.23426727299399,9.65233973888807,4.83350447410885,17.1483057063224,0.61610679184392,0.227372744609066,0.05134223265366,15.0506087721872,18.1164735220772,0.836144931788177,1.48892474695614,2.89716884259938,2.1417045621241
141,0.0146692093296171,0.0806806513128942,9.23426727299399,3.68930614639871,3.96068651899663,17.4050168695907,21.9304679477776,2.89716884259938,0.05134223265366,15.0506087721872,15.6960539826903,0.836144931788177,1.48892474695614,2.36174270206836,1.76030511955406
142,0.0146692093296171,2.52310400469415,9.23426727299399,3.68930614639871,3.95335191433182,17.4050168695907,22.9279741821916,2.91917265659381,0.05134223265366,7.73800792137304,4.43010121754437,0.960833211089922,1.67962446824116,3.1685492151973,1.76030511955406
143,0.0146692093296171,5.9043567551709,12.6521930467948,3.17588381986211,3.52061023910811,17.9184391961273,22.297198181018,10.5985037406484,6.49112512835558,7.73800792137304,1.63561684025231,0.960833211089922,1.51092856095056,3.1685492151973,4.52545107818689
144,0.0586768373184685,5.9043567551709,13.7010415138624,2.52310400469415,3.64529851840986,18.7032418952618,33.1157400616107,14.0677717471028,12.4834971395042,6.10972568578554,1.29822502567112,3.15388000586768,3.57195247176177,1.21020976969341,4.81150066011442
145,0.0806806513128942,5.58163414991932,15.057943376852,2.52310400469415,3.79199061170603,15.3953351914332,33.1744168989291,18.6078920346193,12.3294704415432,3.05853014522517,1.29822502567112,7.13657033885874,4.1953938682705,0.953498606425114,4.66480856681825
146,0.0806806513128942,4.7968314507848,16.8255831010709,2.50843479536453,9.34428634296611,14.0751063517676,20.1334898048995,17.8964353821329,8.6474988998093,3.05853014522517,2.76514595863283,6.82851694293678,3.89467507701335,0.132022883966554,0.799471908464134
147,41.9612732873698,4.4521050315388,16.8109138917412,2.36174270206836,9.36629015696054,11.6326829983864,5.40560363796391,9.10957899369224,8.6474988998093,3.05853014522517,8.27343406190406,1.84098577086695,5.77966847586915,0.132022883966554,0.755464280475282
148,41.9612732873698,4.4521050315388,16.400176030512,0.0440076279888514,13.4589995599237,11.6326829983864,5.01686959072906,1.26155200234707,7.26125861816048,8.72817955112219,8.49347220184832,1.84098577086695,4.04136717030952,0.132022883966554,0.997506234413965
149,36.6510195100484,4.9655273580754,13.8917412351474,0.0440076279888514,12.490831744169,16.3561684025231,2.63312307466628,1.24688279301746,0.762798885140091,8.82352941176471,8.48613759718351,1.84098577086695,4.0193633563151,2.87516502860496,0.872817955112219
150,-36.6510195100484,4.88484670676251,5.3909344286343,0.0880152559777028,12.490831744169,16.2608185418806,2.45709256271087,1.01951004840839,0.249376558603491,7.84802699134517,8.48613759718351,6.85785536159601,2.69913451664955,2.87516502860496,0.843479536452985
151,10.0924160187766,0.498753117206983,4.73082000880153,2.94851107525304,7.41528531612146,4.77482763679038,1.0268446530732,0.491418512542174,0.0733460466480857,4.00469414698548,8.48613759718351,6.63048261698694,1.68695907290597,1.16620214170456,0.381399442570045
152,9.52765145958633,0.880152559777028,4.47410884553323,2.95584567991785,7.40795071145665,3.5939562857562,0.278714977262726,0,0.0953498606425114,1.84098577086695,9.71101657620654,6.0803872671263,1.85565498019657,0.872817955112219,0.381399442570045
153,9.52765145958633,0.880152559777028,4.27607451958339,0.0586768373184685,3.75531758838199,3.47660261111926,0.278714977262726,0.05134223265366,0.0440076279888514,0.20536893061464,9.5936629015696,5.09755024204195,2.7358075399736,0.330057209916385,0
154,8.91154466774241,0.799471908464134,3.76265219304679,0.535426140531025,3.75531758838199,3.07319935455479,2.08302772480563,0.66744902449758,0.0293384186592343,0.0733460466480857,7.73067331670823,3.46926800645445,2.72847293530879,0,0.146692093296171
155,1.51826316561537,0.594102977849494,3.75531758838199,0.535426140531025,3.75531758838199,3.07319935455479,2.08302772480563,0.740795071145665,0.00733460466480857,0.00733460466480857,5.12688866070119,3.70397535572833,16.4441836585008,0,0.183365116620214
156,0,0.594102977849494,6.00704122047822,1.34223265365997,12.1534399295878,2.03902009681678,2.4864309813701,0.315388000586768,0.234707349273874,0.183365116620214,1.74563591022444,2.77248056329764,16.5175297051489,0,0.183365116620214
157,0.00733460466480857,7.89936922399883,6.00704122047822,1.3715710723192,17.0089482176911,1.59894381692827,2.44975795804606,0.278714977262726,0.234707349273874,0.322722605251577,1.75297051488925,0.278714977262726,16.8989291477189,0.0293384186592343,0.696787443156814
158,0.00733460466480857,7.89936922399883,6.13172949977996,1.73096670089482,15.5787003080534,0.0733460466480857,2.44975795804606,0.2567111632683,2.12703535279448,0.293384186592343,1.94367023617427,0.638110605838345,16.8989291477189,0.300718791257151,0.520756931201408
159,0.00733460466480857,7.87003080533959,6.13172949977996,2.03168549215197,11.0605838345313,0.0733460466480857,0.557429954525451,0.124688279301746,2.37641191139798,0.168695907290597,2.44975795804606,0.638110605838345,10.3271233680505,1.76763972421886,0.374064837905237
160,0.0146692093296171,7.06322429221065,5.83101070852281,2.16370837611853,2.53777321402376,0.484083907877365,0.220038139944257,0.190699721285023,2.35440809740355,0.542760745195834,1.26888660701188,2.01701628282236,8.86753703975356,2.83115740061611,0.506087721871791
161,0.0146692093296171,6.4177790817075,1.64295144491712,1.48892474695614,2.55244242335338,0.762798885140091,0.05134223265366,0.2567111632683,1.38624028164882,0.542760745195834,1.29822502567112,2.29573126008508,2.67713070265513,20.3535279448438,0.557429954525451
162,0.0146692093296171,2.88983423793458,1.80431274754291,0.242041953938683,2.55244242335338,0.579433768519877,0.0586768373184685,0.2567111632683,0.293384186592343,0.447410884553323,1.61361302625788,1.57694000293384,1.05618307173243,18.7252457092563,0.557429954525451
163,0.0146692093296171,0.828810327123368,1.74563591022444,0.132022883966554,2.55244242335338,0.608772187179111,0.0660114419832771,1.36423646765439,1.29089042100631,4.56945870617574,1.90699721285023,0.190699721285023,0.66744902449758,10.4371424380226,0.557429954525451
164,0.0146692093296171,0,1.16620214170456,0.0220038139944257,2.567111632683,0.5134223265366,0.0880152559777028,1.34223265365997,1.23221358368784,4.40076279888514,1.82631656153733,0.190699721285023,0.5134223265366,2.97784949391228,0.557429954525451
165,0.0146692093296171,0,1.15886753703975,0.0806806513128942,2.31773507407951,0.41073786122928,0.05134223265366,1.2835558163415,3.86533665835411,0.975502420419539,0.975502420419539,0.271380372597917,0.528091535866217,0.601437582514302,0.557429954525451
166,4.01202875165029,0,1.14419832771014,0.0660114419832771,1.24688279301746,0.41073786122928,0.132022883966554,6.46178670969635,3.80665982103565,0.982837025084348,0.924160187765879,0.271380372597917,0.535426140531025,0.601437582514302,1.06351767639724
167,4.01202875165029,0,1.12219451371571,0.0660114419832771,0.374064837905237,0.396068651899663,0.0880152559777028,6.46178670969635,3.12454158720845,0.623441396508728,0.168695907290597,0.432741675223705,0.484083907877365,0.476749303212557,1.34956725832478
168,4.12938242628722,0,1.21020976969341,0.902156373771454,0.865483350447411,0.572099163855068,0.0586768373184685,6.46178670969635,3.04386093589556,0.190699721285023,0.0586768373184685,0.557429954525451,0.425407070558897,0.506087721871791,1.24688279301746
169,4.0193633563151,0,0.960833211089922,1.03417925773801,0.770133489804899,0.902156373771454,1.48159014229133,6.46178670969635,1.65028604958193,0.190699721285023,0.124688279301746,0.293384186592343,0.704122047821622,0.35939562857562,1.27622121167669
170,3.73331377438756,0,0.960833211089922,1.15153293237495,0.777468094469708,1.49625935162095,1.66495525891154,6.36643684905384,1.57694000293384,0.146692093296171,2.20771600410738,0.293384186592343,0.638110605838345,0.35939562857562,1.84098577086695
171,2.17837758544814,0,0.960833211089922,1.80431274754291,0.696787443156814,1.49625935162095,2.94851107525304,6.36643684905384,1.73096670089482,0.0220038139944257,2.20038139944257,0.293384186592343,0.10268446530732,0.35939562857562,1.84832037553176
172,1.74563591022444,0,0.960833211089922,1.80431274754291,0.550095349860642,0.748129675810474,2.94851107525304,6.36643684905384,2.79448437729206,0.0733460466480857,0,0.35939562857562,0.484083907877365,0.366730233240428,1.48892474695614
173,0.146692093296171,0,0.960833211089922,1.41557870030805,0.66744902449758,0.799471908464134,1.56960539826903,6.54246736100924,2.79448437729206,0.0733460466480857,0.0586768373184685,0.35939562857562,0.447410884553323,0.249376558603491,2.9925187032419
174,0.146692093296171,0,0.366730233240428,1.40090949097844,0.638110605838345,0.557429954525451,0.711456652486431,6.37377145371864,5.18556549801966,0.264045767933108,0.528091535866217,0.249376558603491,0.396068651899663,0.183365116620214,3.16121461053249
175,0.146692093296171,0,0.220038139944257,1.40090949097844,0.476749303212557,0.557429954525451,0.190699721285023,3.62329470441543,5.02420419539387,0.2567111632683,0.5134223265366,0.652779815167962,0.396068651899663,0.35939562857562,3.16121461053249
176,0.146692093296171,0,0.432741675223705,1.4522517236321,0.20536893061464,2.04635470148159,0.190699721285023,4.21006307760012,3.53527944843773,0.630776001173537,0,0.652779815167962,1.12219451371571,0.762798885140091,3.0805339592196
177,0.146692093296171,0,0.432741675223705,2.44242335338125,0.0220038139944257,1.95100484083908,0.132022883966554,4.8775121020977,3.15388000586768,3.99002493765586,0,0.117353674636937,1.10752530438609,0.557429954525451,3.0805339592196
178,0.161361302625788,0,0.315388000586768,2.01701628282236,0.0220038139944257,3.73331377438756,0.132022883966554,3.12454158720845,2.94117647058824,3.99002493765586,0,0.0806806513128942,1.64295144491712,0.00733460466480857,3.0805339592196
179,0.161361302625788,0,0.190699721285023,2.01701628282236,0.0146692093296171,3.30057209916386,0.0220038139944257,1.74563591022444,3.10253777321402,1.32756344433035,0,0.0366730233240428,1.64295144491712,0,2.53777321402376
180,0.2567111632683,0,0.190699721285023,2.01701628282236,0.0146692093296171,0.887487164441837,0.0220038139944257,0.183365116620214,3.86533665835411,0.762798885140091,0,0.557429954525451,1.64295144491712,0,2.20038139944257
181,0.15402669796098,0,0.0146692093296171,1.87032418952618,0.0146692093296171,0.828810327123368,0,0.176030511955406,3.86533665835411,0.806806513128942,0,0.557429954525451,0.66744902449758,0,3.34457972715271
182,0,0,0.0220038139944257,1.73096670089482,0.0806806513128942,0.828810327123368,0.0293384186592343,0.132022883966554,2.88983423793458,0.806806513128942,0.0293384186592343,0.557429954525451,0.0220038139944257,0,4.42276661287957
183,0.0440076279888514,0,0.0293384186592343,1.72363209623001,0.0806806513128942,5.03887340472349,0.0293384186592343,0.132022883966554,0.00733460466480857,0.05134223265366,0.0293384186592343,1.0268446530732,0.0220038139944257,0.10268446530732,4.33475135690186
184,0.0440076279888514,0.198034325949831,0.0220038139944257,0.924160187765879,0.286049581927534,5.14889247469561,0.220038139944257,0.0293384186592343,0.586768373184685,0.05134223265366,0.0220038139944257,1.55493618893942,0.850814141117794,0.132022883966554,0.960833211089922
185,0.0440076279888514,0,0.0220038139944257,0.858148745782602,0.271380372597917,5.14889247469561,0.242041953938683,0.0660114419832771,0.61610679184392,0.35939562857562,0,1.55493618893942,0.850814141117794,0.212703535279448,0.0293384186592343
186,0.0440076279888514,0,0.0220038139944257,0.476749303212557,0.234707349273874,4.75282382279595,0.242041953938683,0.0880152559777028,0.374064837905237,0.374064837905237,0.0953498606425114,1.55493618893942,0.0586768373184685,0.168695907290597,0.366730233240428
187,0.0880152559777028,0,0.0220038139944257,0.0733460466480857,0.20536893061464,4.06337098430395,0.542760745195834,0.0586768373184685,0.300718791257151,0.520756931201408,0.110019069972128,0.425407070558897,0.0440076279888514,0.05134223265366,0.498753117206983
188,0.0880152559777028,0,0.0220038139944257,0.0880152559777028,0,4.06337098430395,0.755464280475282,0.117353674636937,0.146692093296171,0.520756931201408,2.50110019069972,0.176030511955406,0.61610679184392,0.05134223265366,0.498753117206983
189,0.117353674636937,0,0.0220038139944257,0.0586768373184685,0.35939562857562,4.06337098430395,1.12219451371571,0.403403256564471,0.0953498606425114,1.44491711896729,2.50110019069972,1.31289423500073,0.594102977849494,0.05134223265366,0.498753117206983
190,0.05134223265366,0,0,1.24688279301746,0.894821769106645,4.06337098430395,1.01217544374358,1.05618307173243,0.00733460466480857,1.44491711896729,0.403403256564471,1.34956725832478,0.520756931201408,0.05134223265366,0.498753117206983
191,0.0440076279888514,0,0,1.26155200234707,0.630776001173537,1.10019069972128,2.15637377145372,1.05618307173243,0,2.34707349273874,0.286049581927534,1.31289423500073,0.476749303212557,0.0806806513128942,0.432741675223705
192,0.0440076279888514,0,0,1.99501246882793,0.0953498606425114,0.0293384186592343,1.95833944550389,1.29089042100631,0.183365116620214,2.17104298078334,0.293384186592343,1.87032418952618,0.491418512542174,0.0806806513128942,0.550095349860642
193,0.0440076279888514,0,0,1.99501246882793,0.161361302625788,0.0146692093296171,0.806806513128942,1.98034325949831,1.35690186298958,2.17104298078334,0.242041953938683,1.87032418952618,0.550095349860642,0.05134223265366,0.594102977849494
194,0.0366730233240428,0,0.0146692093296171,0.902156373771454,0.190699721285023,0,0.784802699134517,2.08302772480563,1.50359395628576,0.0806806513128942,0.403403256564471,1.84832037553176,0.550095349860642,0.0660114419832771,0.15402669796098
195,0.00733460466480857,0,0.0953498606425114,0.902156373771454,0.139357488631363,0,0.264045767933108,0.696787443156814,2.64779228399589,0.0806806513128942,0.403403256564471,0.366730233240428,0.30805339592196,0.0660114419832771,0
196,0,0,0.0953498606425114,0.902156373771454,0.132022883966554,0,0.0660114419832771,0,2.17837758544814,0.05134223265366,2.9925187032419,0.0146692093296171,0.0806806513128942,0.264045767933108,0.0293384186592343
197,0,0.608772187179111,0.0953498606425114,0.520756931201408,0.674783629162388,0,0.0660114419832771,0.0660114419832771,0.198034325949831,0.05134223265366,3.43259498313041,0.0146692093296171,0.198034325949831,0.806806513128942,0.0293384186592343
198,0,0.608772187179111,0.550095349860642,0.0806806513128942,1.01951004840839,0,0.0880152559777028,0.0660114419832771,0.198034325949831,0.0366730233240428,2.31773507407951,0,0.198034325949831,0.799471908464134,0
199,0,0.608772187179111,0.946164001760305,0.0806806513128942,0.858148745782602,0.0733460466480857,0.10268446530732,0.198034325949831,0.30805339592196,0.264045767933108,1.18087135103418,0,0.198034325949831,0.506087721871791,1.2835558163415
200,0,0.608772187179111,0.938829397095497,0.0806806513128942,0.0953498606425114,0.124688279301746,0.10268446530732,0.198034325949831,0.418072465894088,0.278714977262726,0.56476455919026,0,0.132022883966554,0.300718791257151,1.30555963033592
201,0,0.00733460466480857,0.887487164441837,0.0733460466480857,0,0.124688279301746,0.146692093296171,1.40090949097844,0.227372744609066,0.278714977262726,0.0953498606425114,0,0.806806513128942,0.05134223265366,1.30555963033592
202,0,0,0,0.0733460466480857,0,0.176030511955406,0.146692093296171,1.68695907290597,0.220038139944257,0.286049581927534,0.0220038139944257,0,0.806806513128942,0.05134223265366,1.30555963033592
203,0,0,0.0220038139944257,0.0366730233240428,0.0293384186592343,0.176030511955406,0.146692093296171,0.645445210503154,0.286049581927534,0.374064837905237,0,0,0.806806513128942,0,1.30555963033592
204,0,0,0.0220038139944257,0.00733460466480857,0.0293384186592343,0,0.0366730233240428,0.0220038139944257,0.293384186592343,0.117353674636937,0,0,0.792137303799325,0,0.183365116620214
205,0,0,0,0,0.0293384186592343,0,0.249376558603491,0,0.315388000586768,0.0586768373184685,0,0.0733460466480857,0.168695907290597,0,0.0660114419832771
206,0,0,0,2.30306586474989,0.293384186592343,0.0146692093296171,0.249376558603491,0.0293384186592343,0.46208009388294,0.0953498606425114,0,0.0733460466480857,0.271380372597917,0,0.0366730233240428
207,0,0,0,2.30306586474989,0.447410884553323,0.0146692093296171,0.0146692093296171,0.0293384186592343,0.454745489218131,0.0806806513128942,0,0,0.198034325949831,0.0146692093296171,0.0806806513128942
208,0,0,0,0.00733460466480857,0.176030511955406,0,0,0.836144931788177,0.447410884553323,0.146692093296171,0,0,1.43758251430248,0.0733460466480857,0.0660114419832771
209,0,0,0.0953498606425114,0.0293384186592343,0.836144931788177,0.271380372597917,0,1.30555963033592,0.440076279888514,0.124688279301746,0,0,1.37890567698401,0.0880152559777028,0.0586768373184685
210,0,0,1.23954818835265,0.271380372597917,0.850814141117794,0.432741675223705,0,1.27622121167669,0.491418512542174,0.0586768373184685,0,0.30805339592196,0.997506234413965,0.0660114419832771,0
211,0,0,1.16620214170456,0.271380372597917,0.286049581927534,0.425407070558897,0.20536893061464,1.17353674636937,0.491418512542174,0.0586768373184685,0,0.30805339592196,0.997506234413965,0.0366730233240428,0
212,0,0,0.249376558603491,0.271380372597917,0,0.117353674636937,0.20536893061464,0.0146692093296171,0.491418512542174,0.0586768373184685,0,0.322722605251577,0.997506234413965,0.0366730233240428,0
213,0,0,0.0220038139944257,0.484083907877365,0,0.117353674636937,0,0.0366730233240428,0.491418512542174,0.278714977262726,0.352061023910811,0.278714977262726,0.506087721871791,0.0366730233240428,0
214,12.336805046208,0,0.0220038139944257,0.264045767933108,0,0.00733460466480857,0,0.0366730233240428,0.139357488631363,0.278714977262726,0.542760745195834,0.41073786122928,0.00733460466480857,0,0
215,12.4541587208449,0,0.00733460466480857,0,0,0.15402669796098,0,0.0220038139944257,0.0806806513128942,0.0220038139944257,0.542760745195834,0.498753117206983,0.0220038139944257,0,0
216,11.0752530438609,0,0.00733460466480857,0.10268446530732,0,0.990171629749157,0,5.00220038139944,0.220038139944257,0.249376558603491,0.425407070558897,0.608772187179111,0.0220038139944257,0,2.49376558603491
217,9.5863282969048,0,0.00733460466480857,0.146692093296171,0,1.43758251430248,0,5.33225759131583,0.322722605251577,0.278714977262726,0,0.403403256564471,0,0.850814141117794,2.50843479536453
218,9.5863282969048,0,0.00733460466480857,0.190699721285023,0.168695907290597,0.469414698547748,0.20536893061464,4.54745489218131,0.2567111632683,0.542760745195834,0,0.110019069972128,0.0366730233240428,0.858148745782602,1.65028604958193
219,-9.5863282969048,0,0.00733460466480857,0.190699721285023,0.168695907290597,0.0220038139944257,0.711456652486431,2.37641191139798,0.161361302625788,27.9521783775854,0,0.0440076279888514,0.10268446530732,0.271380372597917,6.53513275634443
220,-9.5863282969048,0,0.0220038139944257,0.2567111632683,0.0733460466480857,0.00733460466480857,0.71879125715124,2.28106205075546,0.161361302625788,27.9521783775854,0,0.0146692093296171,0.10268446530732,0,5.16356168402523
221,-9.5863282969048,0.00733460466480857,0.528091535866217,0.271380372597917,0.0880152559777028,0.0440076279888514,0.403403256564471,0.784802699134517,0.498753117206983,0,0.674783629162388,0,0.124688279301746,0,0.748129675810474
222,-9.5863282969048,0.00733460466480857,0.557429954525451,2.57444623734781,1.01217544374358,0.0440076279888514,0.0733460466480857,0.469414698547748,0.46208009388294,0.0293384186592343,0.674783629162388,0,1.22487897902303,0,0.748129675810474
223,-9.5863282969048,0.00733460466480857,5.99970661581341,8.6474988998093,1.01217544374358,0.0146692093296171,0.484083907877365,0.425407070558897,1.18820595569899,0.0586768373184685,0.05134223265366,0,1.25421739768227,0,1.04151386240282
224,-9.5863282969048,0.00733460466480857,5.99970661581341,8.78685638844066,1.01217544374358,0,0.484083907877365,0.0440076279888514,7.23925480416606,0.30805339592196,0.05134223265366,0.0586768373184685,0.454745489218131,0.0146692093296171,0.814141117793751
225,-9.5863282969048,0,1.30555963033592,5.48628428927681,0,0,0.168695907290597,0,6.88719378025524,0.30805339592196,0,0.498753117206983,0.454745489218131,0.0146692093296171,0.542760745195834
226,-9.5863282969048,0,1.07818688572686,5.48628428927681,0,0.366730233240428,0.0733460466480857,1.23954818835265,0.880152559777028,0.168695907290597,0,0.924160187765879,0.5134223265366,9.06557136570339,0.30805339592196
227,-9.5863282969048,0.124688279301746,0.0880152559777028,0.0366730233240428,0,0.381399442570045,0,1.23954818835265,2.17837758544814,0.2567111632683,0,2.27372744609066,0.0733460466480857,9.06557136570339,0.0880152559777028
228,-9.5863282969048,0.124688279301746,0,0,0,0.0293384186592343,0,1.50359395628576,1.94367023617427,0.110019069972128,0.0146692093296171,1.84098577086695,0.183365116620214,9.06557136570339,0.132022883966554
229,-9.5863282969048,0.124688279301746,0,0.0146692093296171,0.0440076279888514,0.30805339592196,0,1.50359395628576,0.337391814581194,7.37861229279742,1.81164735220772,2.11236614346487,0.227372744609066,9.06557136570339,0.0660114419832771
230,-9.5863282969048,0.132022883966554,0,0.0293384186592343,2.02435088748716,0.946164001760305,0.234707349273874,1.8849933988558,0.0586768373184685,8.25876485257445,1.81164735220772,2.11236614346487,0.227372744609066,3.96802112366143,0
231,-9.5863282969048,0.00733460466480857,0.190699721285023,3.71130996039313,1.99501246882793,0.946164001760305,0.234707349273874,1.8849933988558,0,17.5663781722165,0,1.47425553762652,0.638110605838345,2.52310400469415,0.183365116620214
232,0,0,4.12204782162241,3.71130996039313,2.71380372597917,1.18820595569899,0.110019069972128,1.85565498019657,0,17.5663781722165,0,1.7969781428781,0.645445210503154,2.34707349273874,0.271380372597917
233,0.249376558603491,0,4.1073786122928,0.916825583101071,1.7162974915652,1.18820595569899,0.139357488631363,0.0220038139944257,0,17.3830130555963,0.300718791257151,1.82631656153733,0.286049581927534,2.49376558603491,0.726125861816048
234,0.249376558603491,3.87267126301892,0,0.792137303799325,0.374064837905237,0.938829397095497,0.645445210503154,0,0,10.6278421593076,0.300718791257151,0.850814141117794,0.242041953938683,2.4864309813701,0.784802699134517
235,4.41543200821476,3.88734047234854,0.366730233240428,1.44491711896729,0.711456652486431,0.61610679184392,-0.645445210503154,0,0,10.5838345313188,0.0586768373184685,0.71879125715124,0.0440076279888514,3.05119554056036,1.05618307173243
236,4.41543200821476,2.06102391081121,0.366730233240428,5.23690773067332,0.711456652486431,0.10268446530732,3.05119554056036,0,0.608772187179111,10.5838345313188,0.0880152559777028,0.447410884553323,0.0366730233240428,1.18087135103418,1.91433181751504
237,4.26873991491859,2.06102391081121,0,5.6476455919026,2.25172363209623,0.10268446530732,0.821475722458559,0,0.638110605838345,10.5838345313188,0.0586768373184685,0.227372744609066,0.0146692093296171,0,1.25421739768227
238,4.12204782162241,2.00968167815755,0,0.828810327123368,2.17104298078334,0.183365116620214,6.60847880299252,0.938829397095497,0.124688279301746,0.645445210503154,0,0,1.35690186298958,0.0880152559777028,0.46208009388294
239,0.0880152559777028,0.440076279888514,0,0.975502420419539,0.146692093296171,0.249376558603491,6.60847880299252,0.938829397095497,2.43508874871644,0.960833211089922,0,0,1.35690186298958,0.0880152559777028,0.652779815167962
240,0.0586768373184685,0.322722605251577,0,0.880152559777028,0.0440076279888514,0.139357488631363,4.91418512542174,0.572099163855068,2.66246149332551,3.03652633123075,0.572099163855068,0,0.740795071145665,0,0.418072465894088
241,0.0586768373184685,0.322722605251577,0,0.931494792430688,0,0.05134223265366,4.95819275341059,0.608772187179111,2.34707349273874,2.67713070265513,0.572099163855068,0,0.146692093296171,0.0146692093296171,0.418072465894088
242,0.0220038139944257,0.322722605251577,0,0.850814141117794,0.00733460466480857,0.05134223265366,4.95085814874578,0.608772187179111,3.96802112366143,0.117353674636937,0.865483350447411,0.15402669796098,0.0220038139944257,0.242041953938683,0.05134223265366
243,0.0220038139944257,2.06102391081121,0.366730233240428,0.850814141117794,0.00733460466480857,0.05134223265366,4.95085814874578,1.46692093296171,3.17588381986211,0,4.4521050315388,0.183365116620214,0.0880152559777028,0.264045767933108,0.05134223265366
244,0.00733460466480857,2.06835851547602,0.366730233240428,0.41073786122928,0.0220038139944257,0.05134223265366,0.0660114419832771,1.78964353821329,0.572099163855068,0,4.82616986944404,0.902156373771454,0.0880152559777028,0.924160187765879,0.0220038139944257
245,0.0806806513128942,2.06835851547602,0.0586768373184685,0.550095349860642,0.0220038139944257,0.388734047234854,0.0660114419832771,2.63312307466628,0.293384186592343,0.00733460466480857,2.91917265659381,0.887487164441837,0.579433768519877,1.5402669796098,0
246,0.535426140531025,5.45694587061757,0.0146692093296171,0.946164001760305,0.315388000586768,0.388734047234854,0.0660114419832771,2.30306586474989,2.07569312014082,0.00733460466480857,3.60129089042101,0.887487164441837,1.76030511955406,1.5402669796098,0
247,0.535426140531025,4.68681238081267,0.682118233827197,10.2097696934135,0.630776001173537,0.792137303799325,0.0660114419832771,1.5402669796098,2.09036232947044,0.35939562857562,3.67463693706909,0.887487164441837,1.34956725832478,1.5402669796098,0
248,0.418072465894088,3.9386827050022,0.682118233827197,10.3637963913745,1.05618307173243,1.38624028164882,0.00733460466480857,1.5402669796098,0.315388000586768,0.491418512542174,3.78465600704122,1.07818688572686,0.652779815167962,2.7431421446384,1.29089042100631
249,0.234707349273874,3.9386827050022,0.682118233827197,4.87017749743289,0.990171629749157,1.93633563150946,0.0220038139944257,0.990171629749157,0.0586768373184685,0.491418512542174,3.93134810033739,1.13686372304533,0.396068651899663,10.2391081120728,1.29089042100631
250,0.124688279301746,5.61830717324336,0.315388000586768,3.79199061170603,0.916825583101071,1.18087135103418,0.0733460466480857,1.07818688572686,0.337391814581194,0.491418512542174,0.931494792430688,0.946164001760305,0.0880152559777028,10.2391081120728,0.432741675223705
251,0.0733460466480857,9.11691359835705,0.132022883966554,0.0220038139944257,1.60627842159308,0.00733460466480857,0.124688279301746,1.09285609505648,0.476749303212557,0.0366730233240428,0.726125861816048,1.12219451371571,0.0880152559777028,6.53513275634443,0.418072465894088
252,0,8.94088308640164,0.0806806513128942,0,2.06835851547602,0.0366730233240428,0.10268446530732,2.33240428340912,6.94587061757371,0.0366730233240428,0.0953498606425114,2.00234707349274,0.190699721285023,6.46178670969635,2.42775414405164
253,0,5.46428047528238,0.0806806513128942,0,2.07569312014082,0.374064837905237,0.124688279301746,9.08757517969782,7.62798885140091,0.0733460466480857,0.0806806513128942,4.72348540413672,0.264045767933108,5.95569898782456,2.42775414405164
254,0.117353674636937,5.46428047528238,0.0806806513128942,0.0220038139944257,3.75531758838199,0.374064837905237,0.227372744609066,9.08757517969782,5.41293824262872,0.0733460466480857,0,4.65747396215344,0.264045767933108,5.25891154466774,0.227372744609066
255,3.81399442570045,4.5401202875165,0.322722605251577,0.0220038139944257,3.86533665835411,2.09769693413525,0.623441396508728,11.1339298811794,2.46442716737568,0.176030511955406,0,1.35690186298958,0.132022883966554,2.11236614346487,0.161361302625788
256,5.14155787003081,4.47410884553323,0.689452838492005,0,4.51811647352208,5.51562270793604,1.3715710723192,18.2411618013789,1.10752530438609,0.46208009388294,0,0.366730233240428,0.0366730233240428,2.37641191139798,0.161361302625788
257,10.6865189966261,2.11236614346487,1.32756344433035,0.0146692093296171,11.5813407657327,9.26360569165322,1.14419832771014,16.47352207716,1.81898195687252,3.16121461053249,0,0.286049581927534,0.0146692093296171,5.47161507994719,0.161361302625788
258,10.1804312747543,1.67228986357635,1.51826316561537,0.146692093296171,10.1364236467654,10.4371424380226,0.550095349860642,10.2171042980783,1.2028751650286,3.16121461053249,0,0.220038139944257,0.0146692093296171,4.88484670676251,0.337391814581194
259,6.98254364089776,1.82631656153733,1.39357488631363,2.32506967874432,2.33240428340912,9.03623294704416,0,10.2171042980783,1.2028751650286,1.29089042100631,0,0.0293384186592343,0.05134223265366,4.82616986944404,0.476749303212557
260,4.43743582220918,1.32022883966554,0.432741675223705,4.27607451958339,2.30306586474989,7.09256271086988,0.183365116620214,14.3538213290304,1.3715710723192,0.0366730233240428,0,0.0293384186592343,0.806806513128942,1.46692093296171,7.31260085081414
261,3.21255684318615,1.32022883966554,4.00469414698548,5.85301452251724,0.843479536452985,6.70382866363503,0.183365116620214,13.216957605985,1.26155200234707,0.880152559777028,0,0.579433768519877,1.24688279301746,1.10019069972128,7.20991638550682
262,3.05853014522517,6.74783629162388,3.98269033299105,5.58163414991932,0.894821769106645,6.70382866363503,0.0146692093296171,8.44212996919466,0.652779815167962,0.880152559777028,0,0.586768373184685,0.608772187179111,0.388734047234854,4.00469414698548
263,3.20522223852134,6.44711750036673,0.183365116620214,2.72113833064398,4.76749303212557,5.36159600997506,0.0366730233240428,7.56197740941763,0.117353674636937,1.33489804899516,0.0293384186592343,2.27372744609066,0.176030511955406,0.865483350447411,0.168695907290597
264,2.61111926067185,0.344726419246003,0.0366730233240428,1.80431274754291,5.21490391667889,3.73331377438756,0.05134223265366,3.74798298371718,0.242041953938683,1.32022883966554,0.0293384186592343,2.40575033005721,1.18820595569899,0.572099163855068,0.293384186592343
265,2.28839665542027,0.344726419246003,0.300718791257151,1.30555963033592,1.6282822355875,2.39108112072759,0.498753117206983,3.5132756344433,0.242041953938683,0.0220038139944257,0.0220038139944257,1.7089628869004,5.80900689452838,1.12219451371571,0.293384186592343
266,0.762798885140091,0.344726419246003,0.484083907877365,1.26888660701188,0.645445210503154,2.64045767933108,0.498753117206983,1.95100484083908,0.806806513128942,0.0293384186592343,0.0953498606425114,0.71879125715124,5.76499926653953,1.10019069972128,6.13172949977996
267,0.762798885140091,0.139357488631363,4.20272847293531,0.682118233827197,0.594102977849494,2.72113833064398,0.498753117206983,0.814141117793751,0.836144931788177,0.0293384186592343,0.0953498606425114,2.37641191139798,5.72099163855068,0.322722605251577,6.13172949977996
268,1.2028751650286,0.0806806513128942,4.21006307760012,0.711456652486431,2.31773507407951,2.50110019069972,1.4522517236321,0.814141117793751,0.249376558603491,4.41543200821476,0.0953498606425114,2.32506967874432,5.72099163855068,0.300718791257151,4.78216224145519
269,1.23221358368784,0.176030511955406,9.9310547161508,4.39342819422033,17.43435528825,2.47176177204049,1.60627842159308,1.12952911838052,0.249376558603491,5.7356608478803,0.117353674636937,8.44946457385947,8.05339592195981,0.234707349273874,2.92650726125862
270,4.26873991491859,0.220038139944257,8.50814141117794,5.07554642804753,17.0969634736688,2.97051488924747,9.00689452838492,1.12952911838052,0.528091535866217,4.20272847293531,0.117353674636937,8.44946457385947,7.50330057209916,0.20536893061464,2.92650726125862
271,7.00454745489218,0.61610679184392,6.54246736100924,4.89951591609212,12.3514742555376,3.12454158720845,10.1657620654247,1.24688279301746,0.528091535866217,3.49127182044888,1.72363209623001,10.6865189966261,3.98269033299105,0.00733460466480857,2.64045767933108
272,7.00454745489218,7.09256271086988,6.60114419832771,5.83834531318762,8.07539973595423,3.02185712190113,14.8599090509022,1.9730086548335,3.69664075106352,3.31524130849347,1.81164735220772,10.8698841132463,2.18571219011295,0.00733460466480857,1.27622121167669
273,7.00454745489218,11.9994132316268,1.98034325949831,5.87501833651166,7.86269620067478,3.7699867977116,14.8452398415725,4.26140531025378,3.63796391374505,2.55977702801819,2.2297198181018,6.90186298958486,1.38624028164882,0.0146692093296171,1.36423646765439
274,7.63532345606572,10.6205075546428,1.80431274754291,4.85550828810327,5.9116913598357,3.96068651899663,14.405163561684,3.41059116913598,1.1955405603638,1.14419832771014,3.10253777321402,6.57914038433328,0.968167815754731,0.0953498606425114,3.24189526184539
275,7.28326243215491,10.994572392548,1.64295144491712,5.50095349860643,5.66231480123221,7.56197740941763,14.405163561684,1.26888660701188,0.982837025084348,1.1955405603638,3.63062930908024,4.80416605544961,0.872817955112219,0.10268446530732,3.4252603784656
276,7.97271527064691,15.7987384479977,1.23954818835265,5.50095349860643,5.14889247469561,13.3563150946164,11.1045914625202,13.8624028164882,0.61610679184392,0.990171629749157,2.7431421446384,4.80416605544961,0.806806513128942,0.10268446530732,3.60862549508581
277,7.97271527064691,13.9430834678011,1.65762065424674,12.1020976969341,2.36907730673317,14.5738594689746,9.49097843626229,13.7890567698401,2.55244242335338,1.12219451371571,1.10752530438609,5.134223265366,0.770133489804899,0.10268446530732,9.65967434355288
278,5.0535426140531,10.7305266246149,3.93134810033739,16.0994572392548,2.71380372597917,14.7572245855948,8.50080680651313,13.7890567698401,2.50843479536453,1.16620214170456,1.10752530438609,5.16356168402523,0.858148745782602,0.10268446530732,9.12424820302186
279,4.12204782162241,3.26389907583981,3.22722605251577,13.1289423500073,3.46926800645445,13.4076573272701,7.72333871204342,12.2707936042247,2.47176177204049,1.51092856095056,7.31993545547895,4.48144345019803,1.34223265365997,0.0953498606425114,4.07070558896875
280,3.29323749449905,3.35924893648232,1.23221358368784,12.8869003960687,4.52545107818689,10.6425113686372,7.72333871204342,12.2707936042247,3.19788763385653,2.3104004694147,7.29793164148452,3.27123368050462,1.3715710723192,0.05134223265366,3.07319935455479
281,2.98518409857709,3.16121461053249,0.982837025084348,12.0140824409564,5.20023470734927,9.17559043567552,9.81370104151386,14.1997946310694,3.02185712190113,1.9730086548335,2.70646912131436,2.911838051929,0.792137303799325,0.0953498606425114,1.65028604958193
282,1.24688279301746,3.04386093589556,0.484083907877365,10.8845533225759,5.70632242922107,9.60099750623441,9.27827490098284,14.7425553762652,6.27842159307613,3.83599823969488,2.58178084201262,3.14654540120288,0.66744902449758,0.10268446530732,2.33973888807393
283,5.44961126595277,3.13921079653807,1.18087135103418,11.0019069972129,5.70632242922107,9.60099750623441,8.2220918292504,16.2168109138917,7.99471908464134,16.2754877512102,1.41557870030805,1.93633563150946,0.528091535866217,0.0880152559777028,2.33973888807393
284,6.21241015109286,3.13921079653807,1.15153293237495,11.4713216957606,5.19290010268447,7.97271527064691,7.46662754877512,16.2168109138917,7.99471908464134,18.3585154760158,1.59894381692827,22.7079360422473,0.535426140531025,0.0880152559777028,2.38374651606278
285,8.85286783042394,3.13921079653807,0.550095349860642,11.4713216957606,5.28824996332698,7.99471908464134,7.62798885140091,16.246149332551,13.5543494205662,13.4956725832478,11.0605838345313,25.209036232947,0.46208009388294,0.0440076279888514,9.48364383159748
286,9.28560950564765,3.55728326243216,0.520756931201408,33.3797858295438,4.65747396215344,7.701334898049,7.33460466480857,16.1507994719085,13.2022883966554,12.3441396508728,11.1632682998386,21.1896728766319,0.535426140531025,0.0953498606425114,25.4144051635617
287,8.77952178377585,6.27108698841132,0.542760745195834,33.9005427607452,4.65747396215344,7.54730820008802,6.74050168695907,14.3171483057063,12.2121167669063,12.3148012322136,12.64485844213,15.6593809593663,0.520756931201408,1.1148599090509,32.9030365263312
288,9.76969341352501,5.63297638257298,0.484083907877365,22.069825436409,3.74064837905237,7.13657033885874,6.68915945430541,15.8427460759865,8.33211089922253,14.6618747249523,8.86753703975356,13.2682998386387,0.689452838492005,1.15886753703975,32.6096523397389
289,9.76969341352501,4.23206689159454,0.286049581927534,18.3805192900103,3.74064837905237,6.79184391961273,5.61097256857855,15.0286049581928,5.01686959072906,13.1582807686666,7.37861229279742,10.6425113686372,0.770133489804899,0.484083907877365,22.1578406923867
290,8.98489071439049,3.79932521637084,0.447410884553323,16.5835411471322,4.89218131142731,5.5669649405897,5.60363796391375,14.1191139797565,2.75047674930321,11.7940443010122,5.58896875458413,9.75502420419539,5.12688866070119,0.124688279301746,16.0994572392548
291,6.00704122047822,3.48393721578407,0.542760745195834,16.2974915652046,12.7548775121021,5.75033005720992,4.29074372891301,13.8550682118234,4.03403256564471,9.65233973888807,4.65013935748863,7.50330057209916,5.70632242922107,0.0880152559777028,18.4098577086695
292,3.84333284435969,3.34457972715271,0.440076279888514,38.4333284435969,12.2487897902303,5.7356608478803,4.2834091242482,12.4981663488338,8.09006894528385,8.14141117793751,4.10004400762799,7.3639430834678,4.63547014815901,0.110019069972128,19.385360129089
293,2.88249963326977,3.19055302919173,0.35939562857562,38.8954085374798,9.00689452838492,7.1952471761772,3.82132903036526,12.2634589995599,7.51063517676397,8.23676103858002,2.83849200528092,6.53513275634443,3.23456065718058,19.9134516649553,17.3390054276075
294,4.06337098430395,2.54510781868857,0.35939562857562,28.1135396802112,9.21226345899956,11.3906410444477,3.88734047234854,9.76969341352501,5.9923720111486,7.89203461933402,2.79448437729206,5.67698401056183,1.70162828223559,20.7422619920786,15.1019510048408
295,4.06337098430395,1.98034325949831,30.3212556843186,23.8814727886167,9.82103564617867,14.7718937949245,3.91667889100777,11.610679184392,5.9923720111486,7.75267713070266,1.39357488631363,6.52046354701482,1.76030511955406,16.8109138917412,13.7377145371864
296,3.35191433181752,1.9656740501687,36.4456505794338,20.8229426433915,10.2024350887487,13.6570338858736,12.7622121167669,16.1434648672437,35.440809740355,7.49596596743436,1.7162974915652,11.9774094176324,0.960833211089922,11.6620214170456,13.4443303505941
297,3.27856828516943,1.84098577086695,30.2039020096817,17.9111045914625,13.488337978583,10.9212263459,23.2286929734487,20.536893061464,35.4921519730087,6.168402523104,4.82616986944404,14.4785096083321,0.894821769106645,8.58882206249083,12.8282235587502
298,1.83365116620214,2.11236614346487,22.3045327856829,16.7962446824116,13.1509461640018,10.0704122047822,17.1923133343113,19.4367023617427,26.4632536306293,5.9923720111486,4.82616986944404,23.5880886020243,0.916825583101071,5.06821182338272,13.5543494205662
299,1.95833944550389,2.11236614346487,18.6078920346193,15.1752970514889,11.5813407657327,9.27827490098284,14.1924600264046,14.940589702215,20.6102391081121,7.24658940883086,46.3767052955846,38.8293970954966,1.21754437435822,3.84333284435969,-13.5543494205662
300,1.62094763092269,1.81164735220772,13.6130262578847,15.6593809593663,10.459146252017,9.22693266832918,13.8624028164882,16.5982103564618,18.1824849640604,6.99721285022737,48.3350447410885,38.734047234854,8.59615666715564,2.57444623734781,12.5641777908171
301,-1.62094763092269,1.44491711896729,11.7867096963474,15.6227079360422,9.43230159894382,9.14625201701628,13.6423646765439,17.089628869004,18.1751503593956,5.17823089335485,38.2132903036526,26.741968607892,8.31744168989291,2.1417045621241,14.2731406777175
302,2.0536893061464,0.953498606425114,10.9725685785536,15.2633123074666,8.09006894528385,8.44212996919466,13.6643684905384,19.7667595716591,11.5593369517383,5.94102977849494,28.8103271233681,26.2432154906851,6.80651312894235,2.44975795804606,14.1997946310694
303,10.1730966700895,0.931494792430688,10.8332110899223,15.1386240281649,12.64485844213,8.24409564324483,27.5414405163562,17.7424086841719,9.5863282969048,6.02904503447264,24.8716444183659,26.1038580020537,6.08772187179111,2.42041953938683,14.3024790963767
304,10.114419832771,0.770133489804899,11.3172949977996,13.7743875605105,17.5590435675517,7.48129675810474,29.8004987531172,17.6984010561831,8.71351034179258,8.29543787589849,21.2923573419393,17.8010855214904,4.07070558896875,2.7358075399736,19.0112952911838
305,10.114419832771,0.762798885140091,13.4956725832478,12.9749156520464,19.0186298958486,7.75267713070266,21.879125715124,19.2019950124688,7.88470001466921,7.67933108405457,19.5760598503741,15.5273580753997,2.87516502860496,7.76001173536746,32.3015989438169
306,4.15138624028165,0.572099163855068,13.6350300718791,11.1779375091683,15.9160921226346,7.56197740941763,19.5467214317148,17.81575473082,6.87252457092563,6.3370984303946,17.5443743582221,14.2364676543934,3.36658354114713,7.68666568871938,32.8223558750183
307,2.25905823676104,0.579433768519877,11.6033445797272,10.8185418805926,13.3856535132756,6.87985917559044,16.4661874724952,15.5713657033886,6.60114419832771,5.42027284729353,16.2901569605398,12.9675810473815,3.34457972715271,6.96787443156814,27.2553909344286
308,2.24438902743142,2.42041953938683,10.5104884846707,10.4664808566818,11.7500366730233,6.63781722165175,15.3733313774388,14.023764119114,5.75766466187472,4.47410884553323,15.0359395628576,13.2536306293091,10.4004694146985,7.98004987531172,24.2482030218571
309,1.22487897902303,4.99486577673463,9.51298225025671,11.9187325803139,10.8258764852574,5.88235294117647,13.7010415138624,12.6668622561244,5.42027284729353,4.47410884553323,13.2022883966554,13.8110605838345,9.85770866950271,6.31509461640018,21.3290303652633
310,2.4864309813701,-4.99486577673463,8.62549508581487,11.9627402083028,10.0264045767933,5.72832624321549,13.5763532345607,11.6253483937216,5.26624614933255,3.99735954232067,11.9113979756491,13.9724218864603,3.4252603784656,3.98269033299105,19.6420712923573
311,2.44975795804606,4.93618893941617,7.7086695027138,51.0708522810621,9.52031685492152,5.19290010268447,13.525011001907,10.957899369224,6.75517089628869,3.9386827050022,10.4151386240282,17.3023324042834,3.13187619187326,3.60862549508581,17.8010855214904
312,2.06835851547602,7.47396215343993,6.49112512835558,51.0708522810621,8.51547601584275,4.98019656740502,13.2242922106498,10.4444770426874,7.55464280475282,3.46193340178964,10.268446530732,16.1874724952325,2.46442716737568,3.96068651899663,16.7962446824116
313,1.7162974915652,7.31260085081414,6.27108698841132,45.9072905970368,7.71600410737861,4.73082000880153,13.2096230013202,10.3344579727153,8.47146838785389,3.05853014522517,10.7231920199501,14.4124981663488,2.68446530731994,12.2267859762359,14.2584714683879
314,1.7162974915652,10.3124541587208,5.58896875458413,40.42100630776,8.67683731846853,4.90685052075693,11.2952911838052,10.4518116473522,7.53997359542321,2.94117647058824,11.111926067185,12.2047821622415,2.68446530731994,12.1754437435822,14.3318175150359
315,1.43758251430248,9.79169722751944,5.11955405603638,43.8462666862256,8.6474988998093,4.27607451958339,10.8625495085815,10.1951004840839,6.55713657033886,2.94117647058824,8.20008801525598,17.2509901716297,3.10253777321402,9.35162094763092,24.7616253483937
316,0.792137303799325,9.79169722751944,4.77482763679038,35.5361596009975,7.35660847880299,3.74798298371718,9.65233973888807,9.62300132022884,11.8967287663195,7.35660847880299,7.82602317735074,19.1433181751504,3.09520316854922,7.91403843332844,25.0256711163268
317,0.792137303799325,6.28575619774094,4.48144345019803,25.0476749303213,7.04855508288103,3.85800205368931,9.27827490098284,8.94821769106645,11.7353674636937,7.1072319201995,6.79917852427754,15.1973008654834,1.67228986357635,9.30027871497726,26.4852574446237
318,0.608772187179111,5.63297638257298,4.33475135690186,22.2091829250403,6.78450931494792,4.44477042687399,9.13891741235147,8.28076866656887,8.76485257444624,5.66231480123221,5.78700308053396,13.9577526771307,1.32756344433035,8.9042100630776,26.3165615373331
319,1.10019069972128,4.76015842746076,3.65996772773947,21.072319201995,7.59865043274168,6.08772187179111,10.1217544374358,7.45929294411031,7.52530438609359,7.5326389907584,5.22957312600851,12.7255390934429,0.887487164441837,7.01188205955699,22.5319055302919
320,12.2047821622415,3.99735954232067,3.41059116913598,21.0796538066598,22.2898635763532,6.6744902449758,9.82837025084348,7.33460466480857,6.4251136863723,8.14874578260232,4.40809740354995,13.3856535132756,3.76265219304679,5.50095349860643,19.0993105471615
321,21.8204488778055,3.95335191433182,3.05119554056036,23.5367463693707,23.2873698107672,6.6744902449758,9.64500513422326,7.31260085081414,6.9312014082441,42.0712923573419,5.67698401056183,15.5053542614053,5.36893061463987,4.13671703095203,17.0162828223559
322,16.0701188205956,3.86533665835411,3.88734047234854,23.2506967874432,17.2949977996186,16.9942790083614,9.54232066891594,7.80401936335632,10.3124541587208,42.3866803579287,8.24409564324483,18.4758691506528,2.54510781868857,3.77732140237641,15.7033885873551
323,16.0701188205956,3.63796391374505,16.3708376118527,19.1359835704855,13.2096230013202,22.2825289716884,9.25627108698841,7.29793164148452,9.86504327416752,31.1280621974476,7.77468094469708,17.1409711016576,1.44491711896729,3.0805339592196,15.5640310987238
324,28.047528238228,3.26389907583981,26.9033299105178,18.3878538946751,10.3417925773801,24.0208302772481,8.09006894528385,6.97520903623295,7.55464280475282,26.8373184685345,5.48628428927681,15.5126888660701,1.22487897902303,2.89716884259938,13.8477336071586
325,28.1575473082001,2.7358075399736,21.1236614346487,17.9624468241162,9.18292504034033,25.7371277688133,7.59131582807687,6.46912131436116,7.39328150212704,20.8962886900396,4.84817368343846,14.4271673756785,1.21020976969341,2.23705442276661,14.2658060730527
326,20.1114859909051,2.53777321402376,14.5885286783042,17.2436555669649,9.42496699427901,24.7322869297345,8.58882206249083,5.61830717324336,6.6818248496406,15.4320082147572,4.39342819422033,12.9235734193927,0.960833211089922,1.81164735220772,15.1092856095056
327,12.8942350007335,1.7969781428781,18.0137890567698,15.9527651459586,17.2363209623001,21.2336805046208,8.50080680651313,5.44961126595277,7.24658940883086,11.955405603638,4.08537479829837,11.8160481150066,0.960833211089922,2.31773507407951,15.3733313774388
328,10.1657620654247,1.74563591022444,20.5295584567992,14.8599090509022,19.7227519436702,18.5638844066305,7.08522810620508,4.76015842746076,10.0044007627989,8.18541880592636,3.43259498313041,11.1852721138331,5.20756931201408,27.7174710283116,13.4516649552589
329,7.45929294411031,1.67962446824116,15.7987384479977,14.8599090509022,19.4220331524131,16.5028604958193,8.9922253190553,5.24424233533813,9.17559043567552,6.56447117500367,3.03652633123075,10.1951004840839,5.44961126595277,28.5536159600998,11.7573712776881
330,7.12190112952912,2.07569312014082,10.957899369224,14.1557870030805,16.4808566818249,14.8525744462373,9.18292504034033,5.5669649405897,7.66466187472495,4.81883526477923,3.13187619187326,9.02889834237935,20.1481590142291,22.3265365996773,11.9260671849787
331,5.20023470734927,1.91433181751504,8.27343406190406,13.9137450491419,13.7010415138624,13.1289423500073,29.1550535426141,5.20756931201408,11.0459146252017,3.08786856388441,3.14654540120288,9.05090215637377,23.1773507407951,19.5247176177204,33.218424526918
332,4.70148159014229,1.5402669796098,8.23676103858002,13.3123074666275,11.9334017896435,12.2781282088895,29.0083614493179,4.48877805486284,10.5104884846707,2.28839665542027,3.19788763385653,9.02889834237935,12.9309080240575,14.5445210503154,33.218424526918
333,3.98269033299105,0.946164001760305,5.52295731260085,11.8673903476603,9.52031685492152,11.6766906263752,17.5957165908758,4.35675517089629,8.42746075986504,2.19304679477776,2.80915358662168,8.02405750330057,10.1877658794191,11.7867096963474,23.0159894381693
334,2.88249963326977,0.638110605838345,4.00469414698548,11.6253483937216,7.72333871204342,11.0532492298665,15.2779815167962,4.23940149625935,7.33460466480857,2.70646912131436,2.38374651606278,7.90670382866363,5.71365703388587,9.30027871497726,16.8475869150653
335,3.02185712190113,0.968167815754731,3.65996772773947,11.4639870910958,7.12190112952912,9.63767052955846,13.1362769546721,3.93134810033739,6.13906410444477,2.55244242335338,2.25172363209623,7.80401936335632,5.00220038139944,7.18057796684759,13.5176763972422
336,3.01452251723632,0.938829397095497,3.6819715417339,11.8967287663195,6.79917852427754,8.74284876045181,11.6253483937216,4.00469414698548,5.53762652193047,2.55977702801819,1.82631656153733,7.77468094469708,7.34927387413818,5.88968754584128,12.9455772333871
337,5.55229573126009,1.39357488631363,3.5132756344433,11.6913598357049,6.01437582514302,11.2146105324923,10.5178230893355,3.85800205368931,5.3102537773214,2.58911544667742,1.81898195687252,8.03139210796538,7.34927387413818,4.15872084494646,11.5886753703975
338,6.71849787296465,1.42291330497286,3.30790670382866,11.456652486431,6.2490831744169,10.8992225319055,9.15358662168109,4.18072465894088,8.1340765732727,3.32991051782309,1.3715710723192,7.42261992078627,7.7893501540267,3.74798298371718,10.4151386240282
339,5.74299545254511,1.42291330497286,3.70397535572833,10.8552149039167,6.27108698841132,7.48129675810474,7.47396215343993,4.25407070558897,8.38345313187619,3.3372451224879,1.27622121167669,6.27842159307613,8.29543787589849,2.98518409857709,9.79903183218424
340,3.98269033299105,4.53278568285169,3.68930614639871,10.5031538800059,6.0803872671263,6.60114419832771,8.61082587648526,3.91667889100777,5.80167228986358,3.21255684318615,4.12938242628722,7.95071145665249,5.28091535866217,2.80181898195687,9.09490978436262
341,3.49860642511369,7.82602317735074,3.66730233240428,10.0704122047822,4.54745489218131,6.4177790817075,10.9212263459,3.20522223852134,6.4177790817075,10.5911691359836,5.32492298665102,10.7085228106205,5.33959219598064,2.23705442276661,9.28560950564765
342,2.91917265659381,7.48863136276955,5.03887340472349,9.87971248349714,4.07070558896875,5.88968754584128,19.6714097110166,2.93384186592343,20.536893061464,10.3197887633857,3.34457972715271,10.459146252017,4.34942056623148,1.92166642217984,9.33695173830131
343,2.41308493472202,5.70632242922107,4.01202875165029,9.85037406483791,3.63062930908024,5.61097256857855,22.5099017162975,3.19055302919173,24.0281648819129,7.25392401349567,2.28106205075546,9.52765145958633,3.31524130849347,1.7089628869004,9.49831304092709
344,2.61845386533666,4.03403256564471,3.00718791257151,10.1070852281062,3.57928707642658,5.61097256857855,22.069825436409,2.6551268886607,16.0334457972715,6.87252457092563,1.94367023617427,8.46413378318909,2.36907730673317,1.41557870030805,11.7793750916826
345,2.40575033005721,4.03403256564471,2.31773507407951,10.0190699721285,3.21989144785096,8.89687545841279,14.7865630042541,2.29573126008508,12.7182044887781,4.78216224145519,1.38624028164882,7.9653806659821,1.90699721285023,1.34223265365997,11.6180137890568
346,1.8849933988558,3.46193340178964,1.8849933988558,9.37362476162535,3.8506674490245,10.4811500660114,14.0971101657621,4.64280475282382,10.5471615079947,10.5251576940003,1.5402669796098,7.37127768813261,1.52559777028018,1.08552149039167,10.3784656007041
347,1.95833944550389,2.64779228399589,1.80431274754291,8.53014522517236,4.50344726419246,10.2171042980783,11.5446677424087,5.27358075399736,10.2611119260672,10.3637963913745,1.22487897902303,6.63781722165175,1.3715710723192,1.82631656153733,9.32228252897169
348,1.86298958486138,2.19304679477776,1.63561684025231,8.86753703975356,4.56212410151093,9.1609212263459,10.5471615079947,4.2834091242482,20.3315241308493,6.57180577966848,1.47425553762652,6.57914038433328,1.24688279301746,1.80431274754291,8.80886020243509
349,1.48892474695614,2.02435088748716,1.58427460759865,8.6474988998093,3.63796391374505,8.2147572245856,9.98239694880446,3.82132903036526,20.3975355728326,7.43728913011589,4.84817368343846,6.43978289570192,0.916825583101071,1.26888660701188,8.69150652779815
350,1.26888660701188,1.95100484083908,1.75297051488925,8.84553322575913,3.20522223852134,6.96787443156814,9.13891741235147,3.30790670382866,14.2071292357342,6.73316708229426,5.16356168402523,6.83585154760158,0.777468094469708,1.09285609505648,8.53014522517236
351,1.40090949097844,1.35690186298958,1.74563591022444,-8.84553322575913,3.45459879712483,5.99970661581341,8.94088308640164,2.7431421446384,10.1510928560951,4.82616986944404,3.01452251723632,6.78450931494792,0.711456652486431,0.733460466480857,7.91403843332844
352,1.99501246882793,0.762798885140091,1.18820595569899,-8.84553322575913,3.43259498313041,5.25157694000293,8.20008801525598,2.4864309813701,8.37611852721138,4.77482763679038,2.88983423793458,5.09021563737715,0.56476455919026,0.689452838492005,7.39328150212704
353,1.99501246882793,0.740795071145665,1.58427460759865,-8.84553322575913,3.89467507701335,5.69898782455626,7.64265806073053,2.35440809740355,6.46912131436116,4.01202875165029,1.93633563150946,4.98753117206983,0.5134223265366,0.425407070558897,9.06557136570339
354,1.99501246882793,0.726125861816048,1.55493618893942,-8.84553322575913,4.30541293824263,5.55229573126009,6.99721285022737,2.4864309813701,4.61346633416459,3.52794484377292,0.836144931788177,4.91418512542174,0.484083907877365,0.35939562857562,16.0774534252604
355,9.49097843626229,0.733460466480857,0.865483350447411,-8.84553322575913,4.07070558896875,4.33475135690186,6.6744902449758,2.42041953938683,-4.61346633416459,3.26389907583981,1.01217544374358,4.84083907877365,0.711456652486431,0.425407070558897,18.622561243949
356,9.57899369223999,0.601437582514302,22.4585594836438,-8.84553322575913,2.0536893061464,4.38609358955552,6.13172949977996,2.42775414405164,-4.61346633416459,2.9998533079067,0.740795071145665,4.99486577673463,3.10253777321402,0.550095349860642,13.9577526771307
357,7.56931201408244,0.388734047234854,39.5335191433182,-8.84553322575913,2.86783042394015,4.93618893941617,5.54496112659528,2.11970074812968,-4.61346633416459,2.4864309813701,0.469414698547748,5.28091535866217,22.9573126008508,0.601437582514302,12.7548775121021
358,7.40795071145665,0.337391814581194,29.9031832184245,-8.84553322575913,5.43494205662315,4.71615079947191,5.67698401056183,1.51092856095056,-4.61346633416459,2.01701628282236,0.469414698547748,5.40560363796391,21.4317148305706,0.484083907877365,12.3294704415432
359,2.77248056329764,0.366730233240428,18.7985917559044,8.69884113246296,5.20023470734927,3.11720698254364,5.88968754584128,1.3715710723192,8.4788029925187,3.01452251723632,11.0899222531906,5.61097256857855,5.79433768519877,0.41073786122928,11.9847440222972
360,2.44975795804606,0.572099163855068,14.3024790963767,8.11207275927828,4.1073786122928,3.43259498313041,5.98503740648379,1.08552149039167,4.26873991491859,3.26389907583981,11.838051929001,5.53029191726566,5.79433768519877,0.366730233240428,10.7085228106205
361,2.08302772480563,0.660114419832771,9.49097843626229,6.77717471028312,3.53527944843773,3.32257591315828,6.5938095936629,1.06351767639724,4.04136717030952,3.04386093589556,7.40061610679184,4.58412791550535,5.97770280181898,0.388734047234854,10.0484083907877
362,1.78230893354848,0.623441396508728,7.63532345606572,6.66715564031099,8.02405750330057,4.3640897755611,6.52046354701482,1.10752530438609,4.32008214757225,2.37641191139798,5.41293824262872,4.20272847293531,5.83834531318762,0.352061023910811,8.97022150506088
363,1.7969781428781,0.520756931201408,5.75766466187472,6.49845973302039,7.1952471761772,4.41543200821476,5.74299545254511,1.1148599090509,5.80900689452838,1.86298958486138,4.23940149625935,4.47410884553323,4.7088161948071,0.440076279888514,7.97271527064691
364,1.52559777028018,0.469414698547748,4.38609358955552,7.41528531612146,5.01686959072906,3.38125275047675,5.01686959072906,0.887487164441837,5.85301452251724,1.7089628869004,3.44726419246003,4.67214317148306,6.84318615226639,0.440076279888514,7.73067331670823
365,2.1417045621241,0.61610679184392,3.85800205368931,7.34193926947338,4.21006307760012,2.36174270206836,4.48144345019803,1.15886753703975,5.28824996332698,1.57694000293384,2.20771600410738,4.84817368343846,6.41044447704269,0.418072465894088,7.6206542467361
366,2.11236614346487,,,,3.84333284435969,,,,6.05104884846707,,,,6.26375238374652,,