0,2000,2001,2002,2003,2004,2005,2006,2007,2008,2009,2010,2011,2012,2013,2014
1,0,8.33800972689862,0.706135428357651,0.158997381219603,21.9509913954358,2.48784137673027,1.43097643097643,18.3127572016461,1.13168724279835,3.9702581369248,0.243172465394688,8.63729891507669,12.6449682005238,0.140291806958474,8.35671530115975
2,0,6.94444444444444,0.752899364010475,0.140291806958474,21.2729143284699,2.03890759446315,1.07089412644968,17.7095024317247,1.08024691358025,3.92349420127198,0.187055742611298,8.93658810325477,12.6870557426113,0.140291806958474,22.6243920688365
3,0,5.90628507295174,0.481668537224093,0.130939019827909,21.1185933408156,3.36232697343808,0.879161990273101,16.2457912457912,1.10830527497194,24.4481855592967,0.271230826786382,8.93658810325477,12.4158249158249,0.0888514777403666,22.5682753460531
4,0,4.43322109988777,0.462962962962963,0.126262626262626,20.6135428357651,3.36232697343808,0.635989524878414,16.6994014216236,1.08959970071081,24.5744481855593,0.322671156004489,8.59053497942387,12.2287691732136,0.0841750841750842,18.4577254021698
5,0,4.36307519640853,0.388140665918444,0.144968200523756,20.6743359521137,5.56490834268612,0.369435091657314,13.4493078937523,1.09895248784138,18.5606060606061,0.346053123830902,6.1821922933034,11.8265993265993,0.126262626262626,16.4281705948373
6,0,4.27422371866816,0.434904601571268,0.116909839132061,20.9829779274224,5.19547325102881,1.25794986906098,12.5187055742611,0.99139543583988,18.7242798353909,0.341376730265619,6.01384212495324,10.9240553684998,0.144968200523756,15.56303778526
7,0,4.2368125701459,0.444257388701833,0.196408529741863,20.9736251402918,4.78395061728395,1.25794986906098,12.4111485222596,0.982042648709315,35.8585858585859,0.24784885895997,5.28900112233446,11.09240553685,0.149644594089039,20.28151889263
8,0,3.46053123830902,0.369435091657314,0.201084923307146,21.2308267863823,4.63430602319491,0.888514777403666,9.92330714552937,0.74354657687991,33.2631874298541,0.22914328469884,5.4900860456416,11.2607557052002,0.144968200523756,26.6975308641975
9,0,2.78245417134306,0.327347549569772,0.72484100261878,21.324354657688,4.27422371866816,0.837074448185559,7.97792742237187,0.635989524878414,26.0241301907969,0.0935278713056491,6.58903853348298,11.3168724279835,0.144968200523756,26.5198279087168
10,0,3.42312008978676,0.252525252525253,0.879161990273101,21.0624766180322,3.93284698840254,0.911896745230079,7.02861952861953,0.635989524878414,15.7407407407407,0.0982042648709315,7.21567527123083,10.7136176580621,0.130939019827909,25.3460531238309
11,0,3.40909090909091,0.332023943135054,0.76225215114104,20.861391694725,3.63823419378975,0.888514777403666,6.93509165731388,4.51271979049757,13.4960718294052,0.570520014964459,11.125140291807,10.6341189674523,0.116909839132061,23.4567901234568
12,0,2.86662925551814,0.336700336700337,0.182379349046016,19.3789749345305,3.88140665918444,0.584549195660307,6.29442573887018,63.2014590347924,9.04882154882155,0.617283950617284,11.4384586606809,11.059670781893,0.0748222970445193,20.959595959596
13,0,2.98821548821549,0.416199027310138,0.0982042648709315,18.808454919566,19.5660306771418,1.07557052001496,6.10736999625889,70.7818930041152,7.29985035540591,0.30396558174336,9.8625140291807,11.059670781893,0.0701459034792368,17.3587729143285
14,0,2.81518892630004,0.416199027310138,0.140291806958474,18.808454919566,19.9962588851478,1.18312757201646,6.10736999625889,71.68911335578,5.71455293677516,0.252525252525253,8.16498316498316,46.1887392442948,0.0654695099139544,15.9698840254396
15,0,2.7450430228208,15.4274223718668,0.126262626262626,39.5669659558548,16.2785260007482,1.28133183688739,10.0215114104003,65.3900112233446,4.33501683501683,0.219790497568275,7.8095772540217,47.8161242050131,0.0654695099139544,13.477366255144
16,0,2.43640104751216,57.3887018331463,0.874485596707819,39.6558174335952,13.5989524878414,1.43097643097643,20.4171343060232,62.6402918069585,4.39580995136551,0.187055742611298,6.78544706322484,46.0297418630752,0.0935278713056491,12.7759072203517
17,0,3.22203516647961,63.1640478862701,1.01010101010101,33.609240553685,6.6638608305275,0.794986906098017,19.9962588851478,53.2220351664796,3.34362139917695,0.322671156004489,6.35521885521886,39.1741488963711,0.0841750841750842,10.9053497942387
18,0,3.22203516647961,64.40329218107,1.21586232697344,29.1619902731014,4.28825289936401,1.00074822297045,18.3641975308642,53.1331836887392,3.13786008230453,0.523756079311635,5.87355031799476,40.3993640104751,0.0794986906098017,10.2833894500561
19,0,2.31481481481481,64.40329218107,1.01010101010101,29.3443696221474,3.40909090909091,16.4094650205761,13.9824167601945,54.3864571642349,2.05761316872428,0.519079685746352,4.49401421623644,40.3993640104751,0.121586232697344,8.77291432846988
20,0,2.16517022072578,70.4171343060232,0.654695099139544,75.9586606808829,2.3709315375982,22.0819304152637,12.2568275346053,58.4970071081182,1.99214365881033,6.11204638982417,4.4519266741489,42.8123830901609,0.0888514777403666,7.92648709315376
21,0,2.01084923307146,68.2239057239057,0.364758698092031,77.4644594089038,3.29218106995885,21.9322858211747,9.35278713056491,70.6836887392443,2.48784137673027,8.22109988776655,4.13860830527497,70.6088664421998,13.5895997007108,7.22035166479611
22,0,2.11840628507295,66.2972315750093,0.135615413393191,75.4769921436588,3.23606434717546,21.1513280957725,8.92723531612421,73.0265619154508,2.42704826038159,4.78395061728395,3.60082304526749,72.2736625514403,13.5615413393191,5.83146277590722
23,0,2.11372989150767,59.3481107369996,0.177702955480733,73.8963711185933,2.59539842873176,18.3969322858212,7.88439955106622,73.311821922933,2.32416760194538,3.3857089412645,3.08174335952114,74.4294799850355,4.23213617658062,5.57893752338197
24,0,4.99906472128694,58.459595959596,0.168350168350168,65.3058361391695,38.5989524878414,18.1303778526001,6.8509165731388,73.311821922933,2.48316498316498,1.3047138047138,2.98353909465021,71.5301159745604,1.30939019827909,16.5637860082305
25,0,6.1026936026936,50.0233819678264,0.177702955480733,63.2388701833146,41.2598204264871,14.520202020202,5.8361391694725,86.1531986531987,4.33969322858212,0.224466891133558,2.78713056490834,66.8396932285821,0.542461653572765,17.5130939019828
26,0,10.6060606060606,47.0258136924804,0.346053123830902,53.9328469884025,26.075570520015,11.1812570145903,5.70987654320988,86.1625514403292,4.42854470632248,0.332023943135054,2.74971941638608,50.3928170594837,0.158997381219603,11.920127197905
27,0,10.8024691358025,35.0635989524878,0.341376730265619,45.7351290684624,10.5031799476244,5.09726898615788,6.71062476618032,86.026936026936,2.71698466142911,0.322671156004489,2.62813318368874,48.1387953610176,0.135615413393191,10.9006734006734
28,0,9.63804713804714,28.1986531986532,0.617283950617284,45.6322484100262,5.20950243172465,4.56883651328096,5.96240179573513,87.5187055742611,2.72166105499439,0.201084923307146,2.19790497568275,39.7072577628133,0.215114104002993,9.33875794986906
29,0,6.54695099139544,28.4324728769173,0.617283950617284,41.2177328843996,3.23606434717546,4.46595585484474,5.42929292929293,87.5187055742611,2.67022072577628,0.168350168350168,2.23531612420501,34.9747474747475,0.215114104002993,7.97325102880658
30,0,5.53217358772914,27.6421623643846,1.59465020576132,40.8015338570894,1.70220725776281,2.03890759446315,4.5828656939768,86.8312757201646,3.04433221099888,0.163673774784886,1.94070332959222,26.9173213617658,0.116909839132061,4.24148896371119
31,0,3.96090534979424,26.7957351290685,1.37953610175832,37.6589973812196,1.75364758698092,1.79105873550318,3.85802469135802,85.3395061728395,3.38103254769921,0.219790497568275,1.80041152263374,17.863823419379,0.0607931163486719,3.29218106995885
32,0,2.13711185933408,17.6767676767677,-1.37953610175832,36.6301907968575,1.58529741863075,1.24392068836513,3.85802469135802,85.1243920688365,3.24074074074074,0.187055742611298,1.51047512158623,16.2504676393565,0.0654695099139544,3.06303778526001
33,0,2.0248784137673,15.0766928544706,0.2665544332211,34.5304900860456,1.52918069584736,1.43565282454171,3.29218106995885,82.7721661054994,77.2540216984661,0.289936401047512,1.39356528245417,14.1788252899364,0.0654695099139544,2.76842499064721
34,0,1.77235316124205,14.8194912083801,0.224466891133558,31.2710437710438,1.11298166853722,1.97811447811448,4.28825289936401,81.4440703329592,77.2727272727273,0.28526000748223,1.26262626262626,14.1601197156753,0.163673774784886,1.80508791619903
35,0,1.68350168350168,14.6558174335952,3.56341189674523,30.5041152263374,0.996071829405163,1.97811447811448,4.11522633744856,77.6374859708193,50.0607931163487,0.243172465394688,0.851103628881407,12.9489337822671,0.163673774784886,1.88458660680883
36,0,2.00617283950617,6.35054246165357,28.0677141788253,28.2173587729143,0.855780022446689,1.97811447811448,3.07239057239057,72.5402169846614,43.8271604938272,0.275907220351665,0.874485596707819,12.102506546951,0.0888514777403666,1.85652824541713
37,0,1.9453797231575,3.28750467639357,27.9367751589974,26.9266741488964,1.03348297792742,2.39431350542462,2.75907220351665,70.6369248035915,24.6773288439955,0.252525252525253,0.846427235316124,11.1672278338945,0.0982042648709315,1.85652824541713
38,0,2.17919940142162,3.25476992143659,16.7789001122334,25.5939019827909,1.04283576505799,4.44725028058361,1.83314627759072,65.8482977927422,22.1801346801347,0.187055742611298,0.607931163486719,9.54451926674149,0.116909839132061,4.45660306771418
39,0,2.052936775159,0.99139543583988,15.8716797605687,24.7287691732136,0.631313131313131,12.9442573887018,1.98279087167976,65.2918069584736,17.4382716049383,0.149644594089039,0.589225589225589,9.56322484100262,9.13767302656191,4.41919191919192
40,0,1.79105873550318,0.804339693228582,64.8896371118593,22.6384212495324,0.734193789749345,13.1172839506173,1.79573512906846,65.3011597456042,9.43228582117471,0.149644594089039,0.491021324354658,9.57257762813318,13.6129816685372,9.62869435091657
41,0,1.15974560419005,0.706135428357651,75.2572016460905,18.4857837635615,0.579872802095024,9.55854844743734,1.96408529741863,65.3058361391695,6.88832772166105,0.135615413393191,0.603254769921437,8.9552936775159,11.3729891507669,20.8052749719416
42,0,1.18312757201646,0.589225589225589,75.0187055742611,17.9994388327722,0.491021324354658,5.70052375607931,2.03423120089787,65.7547699214366,3.87205387205387,3.14253647586981,0.589225589225589,8.61859334081556,10.5686494575383,19.9401421623644
43,0,1.18312757201646,0.897867564534231,72.979797979798,17.2745978301534,0.308641975308642,5.70052375607931,2.11372989150767,65.6659184436962,3.87205387205387,3.16124205013094,0.383464272353161,8.7962962962963,5.68649457538346,19.4444444444444
44,0,1.76300037411149,0.7996632996633,63.7953610175832,15.628507295174,0.626636737747849,6.73868312757202,1.70220725776281,73.7701084923307,3.33894500561167,3.16124205013094,0.205761316872428,8.38477366255144,5.06921062476618,18.3127572016461
45,0,1.87991021324355,20.6041900486345,50.2899364010475,15.993265993266,0.851103628881407,9.56322484100262,1.77702955480733,72.797418630752,0.953984287317621,2.41769547325103,0.5331088664422,7.56640478862701,0.439580995136551,10.1477740366629
46,0,1.2532734754957,20.6135428357651,46.6142910587355,15.993265993266,46.5020576131687,9.90927796483352,2.03423120089787,68.7523381967826,1.19248035914703,2.41769547325103,0.528432472876917,7.12214739992518,0.252525252525253,9.6473999251777
47,0,1.23456790123457,8.88982416760195,45.7678638234194,13.6971567527123,46.5020576131687,11.0175832398055,2.03423120089787,63.8795361017583,1.11298166853722,1.56659184436962,0.201084923307146,6.10736999625889,0.289936401047512,9.89057239057239
48,0,1.03348297792742,0.99139543583988,43.8505424616536,10.6247661803217,50.3320239431351,10.447063224841,47.1053123830902,63.8187429854096,1.29068462401796,1.21586232697344,0.149644594089039,5.88290310512533,0.238496071829405,37.4205013093902
49,0,1.51047512158623,0.317994762439207,19.3930041152263,12.2427983539095,42.9760568649458,10.2413019079686,49.0413393191171,71.6142910587355,1.28600823045267,0.953984287317621,0.224466891133558,9.74092779648335,1.54320987654321,37.6262626262626
50,0,1.43565282454171,0.336700336700337,11.1531986531987,-12.2427983539095,34.6053123830902,9.6473999251777,45.9736251402918,68.7242798353909,0.776281331836887,0.631313131313131,17.4102132435466,9.834455667789,4.11054994388328,24.7053872053872
51,0,1.19248035914703,0.219790497568275,11.1531986531987,24.4435091657314,24.4855967078189,8.82903105125327,37.5374111485223,60.5405910961466,0.809016086793865,0.738870183314628,26.5993265993266,7.4635241301908,4.04975682753461,11.5039281705948
52,0,1.09895248784138,0.280583613916947,10.6715301159746,23.1154133931912,16.0447063224841,31.986531986532,35.1945379723158,52.5533108866442,0.809016086793865,1.56191545080434,26.374859708193,5.37785260007482,3.33894500561167,8.59988776655443
53,0,1.09895248784138,2.68424990647213,10.5920314253648,19.2199775533109,10.2506546950991,33.2398054620277,26.6601197156753,38.4072203516648,2.45043022820801,1.17845117845118,17.0407781518893,5.66778900112233,0.612607557052002,6.17751589973812
54,0,2.02955480733259,2.78245417134306,8.86176580621025,18.6026936026936,4.62027684249906,20.4592218481107,25.0561167227834,26.5852974186308,2.46445940890385,0.486344930789375,5.93434343434343,5.62102506546951,0.388140665918444,1.31874298540965
55,0,1.88926300037411,2.34754956977179,8.86176580621025,16.2224092779648,4.55480733258511,10.5686494575383,12.7525252525253,29.105873550318,1.95005611672278,0.467639356528245,1.30939019827909,5.62102506546951,0.294612794612795,1.80508791619903
56,0,2.40834268612046,1.22053872053872,39.5763187429854,16.026000748223,11.1344930789375,5.82210998877666,6.17751589973812,30.8922558922559,1.95005611672278,0.327347549569772,1.31406659184437,6.33651328095773,0.0280583613916947,1.80041152263374
57,0,2.40834268612046,0.55181444070333,40.3572764683876,9.87186681631126,11.737747848859,3.41844369622147,6.57500935278713,30.5742611298167,17.8077066965956,0.201084923307146,0.958660680882903,7.2484100261878,0.0841750841750842,1.08959970071081
58,0,2.40834268612046,3.94687616909839,38.5802469135802,10.8211747100636,9.87186681631126,6.37392442947998,6.49551066217733,34.0488215488216,22.3157500935279,0.121586232697344,2.24934530490086,7.4635241301908,0.121586232697344,1.02413019079686
59,0,18.046202768425,5.12065095398429,19.8933782267116,10.8211747100636,5.63505424616536,6.62177328843995,41.3346427235316,32.9451926674149,28.1939768050879,0.158997381219603,2.46445940890385,6.81350542461654,0.121586232697344,1.00542461653573
60,0,18.046202768425,5.07388701833146,12.930228208006,55.2095024317247,5.54620276842499,6.12607557052002,41.3019079685746,32.9451926674149,39.4266741488964,0.542461653572765,1.21118593340816,6.19622147399925,0.121586232697344,0.51440329218107
61,0,17.7562663673775,2.75439580995137,8.62326973438084,63.3557800224467,6.07463524130191,3.55873550317995,41.3019079685746,27.7450430228208,41.1335578002245,0.542461653572765,1.0662177328844,54.3350168350168,42.9199401421624,0.308641975308642
62,0,10.1103628881407,2.51589973812196,8.29124579124579,61.9902731013842,13.6410400299289,2.69360269360269,41.3019079685746,19.3789749345305,42.2138047138047,1.30939019827909,0.72484100261878,58.2398054620277,43.078937523382,0.439580995136551
63,0,9.61934156378601,2.74971941638608,8.2351290684624,30.298353909465,13.3464272353161,3.28282828282828,69.6922933034044,13.178077066966,33.5671530115975,15.1234567901235,0.935278713056491,59.0114104002993,6.06995884773663,0.299289188178077
64,0,9.06752712308268,3.70838009726899,8.2351290684624,24.967265245043,7.02394313505425,14.3752338196783,64.7867564534231,11.821922933034,21.291619902731,15.1421623643846,1.5198279087168,57.7628133183689,2.75907220351665,0.126262626262626
65,0,3.61952861952862,3.42779648335204,8.53909465020576,11.7096894874673,6.12607557052002,14.4313505424617,54.7558922558923,11.9294799850355,16.358024691358,-15.1421623643846,39.0712682379349,54.2087542087542,0.317994762439207,0.30396558174336
66,0,1.37953610175832,1.31874298540965,6.67321361765806,6.60306771417883,4.55480733258511,9.25925925925926,54.1573138795361,10.9661429105874,14.8381967826412,15.1187803965582,39.0245043022821,46.5254395809951,0.346053123830902,0.346053123830902
67,0,1.24859708193042,0.453610175832398,5.33576505798728,7.09408903853348,4.47998503554059,6.57033295922185,53.9188178077067,15.1374859708193,11.2139917695473,11.887392442948,20.131874298541,45.3984287317621,0.191732136176581,0.448933782267116
68,0,1.1457164234942,0.430228208005986,3.86737747848859,9.70351664796109,3.41844369622147,4.85877291432847,49.1863075196409,13.6503928170595,11.2139917695473,4.66704077815189,5.39655817433595,45.646277590722,0.182379349046016,0.313318368873924
69,0,0.949307893752338,0.402169846614291,2.52992891881781,9.68481107369996,3.24541713430602,2.55331088664422,29.9943883277217,10.84455667789,11.2280209502432,2.19322858211747,5.39655817433595,57.2858211747101,0.191732136176581,0.949307893752338
70,0,0.968013468013468,0.425551814440703,1.10830527497194,9.68481107369996,3.10980172091283,3.03030303030303,29.9055368499813,9.97942386831276,11.2280209502432,1.37485970819304,2.28675645342312,51.9173213617658,0.187055742611298,0.949307893752338
71,0,0.883838383838384,1.49644594089039,1.23456790123457,7.74410774410774,2.83857089412645,3.05836139169473,17.2138047138047,9.82510288065844,12.350355405911,0.55181444070333,1.13168724279835,52.1838757949869,0.252525252525253,6.12607557052002
72,0,0.935278713056491,1.49644594089039,1.31874298540965,7.19229330340441,4.41451552562664,4.0778151889263,17.2138047138047,7.66460905349794,12.4719416386083,0.55181444070333,1.13168724279835,49.7007108118219,0.21043771043771,6.14010475121586
73,0,0.846427235316124,1.4917695473251,1.26262626262626,5.34979423868313,4.41451552562664,3.87205387205387,30.8595211372989,4.47063224841003,9.89057239057239,1.17845117845118,1.02413019079686,38.973063973064,0.121586232697344,2.41769547325103
74,0,0.813692480359147,1.45435839880284,1.17845117845118,4.86344930789375,4.45660306771418,1.67414889637112,30.8595211372989,4.95230078563412,6.4487467265245,1.9453797231575,0.982042648709315,37.6777029554807,0.0935278713056491,0.865132809577254
75,0,0.813692480359147,0.865132809577254,1.15039281705948,4.72315750093528,4.35372240927796,2.52992891881781,75.9259259259259,4.72783389450056,6.17283950617284,2.00617283950617,1.45435839880284,49.2003367003367,0.126262626262626,0.2665544332211
76,0,32.0613542835765,0.706135428357651,35.2085671530116,4.13860830527497,4.79330340441452,2.48784137673027,76.4356528245417,4.25084175084175,3.1705948372615,1.48241676019454,1.42630003741115,45.3984287317621,0.173026561915451,0.28526000748223
77,0,32.931163486719,0.72484100261878,37.9910213243547,3.47923681257015,4.79330340441452,2.22128694350917,69.4023569023569,3.60082304526749,2.52057613168724,0.467639356528245,1.01477740366629,28.8439955106622,0.168350168350168,0.187055742611298
78,0,31.1681631126076,0.72484100261878,23.0499438832772,2.22128694350917,4.17134306023195,2.00617283950617,63.4306023194912,2.65619154508043,2.19322858211747,0.430228208005986,1.52450430228208,27.6842499064721,0.116909839132061,0.201084923307146
79,0,25.9539842873176,-0.72484100261878,11.9949494949495,2.83857089412645,4.54077815188926,1.85185185185185,42.5411522633745,3.06303778526001,2.17919940142162,2.665544332211,1.42162364384587,27.1464646464646,0.0794986906098017,0.177702955480733
80,0,25.3928170594837,-0.72484100261878,11.9575383464272,2.83857089412645,10.7042648709315,1.80041152263374,27.0295548073326,63.5147774036663,70.959595959596,2.66086793864572,1.26262626262626,17.6533857089413,0.0794986906098017,0.154320987654321
81,0,13.1734006734007,-0.72484100261878,8.92255892255892,33.9552936775159,32.4962588851478,1.4917695473251,27.0295548073326,66.026000748223,70.959595959596,2.22128694350917,0.523756079311635,18.1444070332959,0.257201646090535,0.341376730265619
82,0,13.1734006734007,-0.72484100261878,5.48073325851104,34.8204264870932,32.5430228208006,1.35615413393191,27.8105125327348,49.7568275346053,60.4891507669285,2.22128694350917,0.467639356528245,29.3163112607557,0.252525252525253,0.355405910961467
83,0,5.23288439955107,-0.72484100261878,3.47923681257015,32.9685746352413,35.7182940516274,1.29536101758324,33.6887392442948,35.1197156752712,35.877291432847,20.4171343060232,0.322671156004489,27.3662551440329,0.0327347549569772,30.6444070332959
84,0,4.30695847362514,-0.72484100261878,1.45435839880284,32.7347549569772,32.2390572390572,1.12701084923307,36.1719042274598,34.4276094276094,14.1086793864572,22.0304900860456,0.21043771043771,17.7702955480733,0.0327347549569772,30.7098765432099
85,0,4.18069584736251,-0.72484100261878,1.40759446315002,48.6017583239805,30.794051627385,0.968013468013468,34.4884025439581,17.7141788252899,5.51346801346801,22.0258136924804,0.224466891133558,14.272353161242,0.0654695099139544,30.1907968574635
86,0,4.12457912457912,-0.72484100261878,1.39824167601945,45.8567153011597,37.1492704826038,1.08959970071081,31.4253647586981,9.27328843995511,5.51346801346801,29.6109240553685,0.219790497568275,8.35203890759446,0.0654695099139544,20.6836887392443
87,0,2.28208005985784,-0.72484100261878,0.76225215114104,38.1593714927048,39.8522259633371,1.0662177328844,23.6999625888515,9.46034418256641,30.0598578376356,29.4753086419753,0.177702955480733,7.93116348671904,0.126262626262626,9.17040778151889
88,0,2.09502431724654,0.752899364010475,0.355405910961467,34.0020576131687,38.3323980546203,1.1737747848859,11.1298166853722,9.41358024691358,29.8213617658062,29.4753086419753,0.135615413393191,6.71062476618032,0.121586232697344,8.65132809577254
89,0,1.3327721661055,0.851103628881407,0.201084923307146,16.7087542087542,36.0503179947624,1.36550692106248,9.12364384586607,8.5297418630752,18.8318368873924,25.678077066966,0.215114104002993,6.57033295922185,0.0982042648709315,16.8677515899738
90,0,0.916573138795361,0.701459034792368,0.201084923307146,12.5467639356528,36.3262252151141,1.38888888888889,7.92181069958848,8.88514777403666,15.9839132061354,22.6150392817059,0.182379349046016,8.15095398428732,0.140291806958474,30.4433221099888
91,0,0.738870183314628,0.678077066965956,1.84717545828657,12.5420875420875,34.6380471380471,1.02413019079686,4.10119715675271,8.67003367003367,15.132809577254,7.90778151889263,30.9343434343434,6.3973063973064,0.163673774784886,30.4433221099888
92,0,0.738870183314628,0.481668537224093,4.82136176580621,12.3129442573887,33.857089412645,0.271230826786382,1.80976430976431,4.91956603067714,22.0772540216985,6.1307519640853,31.0793116348672,6.38795361017583,0.173026561915451,43.509165731388
93,0,46.5628507295174,0.481668537224093,3.95622895622896,5.07856341189675,32.0987654320988,0.271230826786382,1.79573512906846,2.91339319117097,27.6748971193416,5.76131687242798,12.9769921436588,3.59147025813692,0.149644594089039,42.7048260381594
94,0,48.3866442199776,0.481668537224093,2.6374859708193,3.08174335952114,28.7644968200524,0.275907220351665,1.79573512906846,2.84792368125701,27.7123082678638,2.98353909465021,12.5280583613917,3.57744107744108,0.135615413393191,33.3286569397681
95,0,61.6629255518144,19.0937149270483,2.6374859708193,2.74036662925552,27.4878413767303,0.935278713056491,3.53535353535354,2.88065843621399,23.0405910961467,2.97886270108492,14.2396184062851,3.0396558174336,0.0701459034792368,32.9498690609802
96,0,57.9358398802843,19.0796857463524,9.09558548447437,2.62813318368874,27.483164983165,1.81444070332959,3.54938271604938,1.73026561915451,20.8473625140292,2.32416760194538,14.2396184062851,2.23063973063973,0.158997381219603,40.6472128694351
97,0,44.4818555929667,1.83314627759072,10.6247661803217,2.76842499064721,25.6500187055743,2.53460531238309,3.08174335952114,2.3194912083801,15.4414515525627,2.02020202020202,14.2396184062851,2.11372989150767,0.205761316872428,37.9395809951366
98,0,44.4818555929667,1.5712682379349,8.83370744481856,3.64758698092031,25.6500187055743,1.97811447811448,3.55873550317995,2.20725776281332,15.347923681257,0.841750841750842,55.1627384960718,2.2914328469884,0.112233445566779,26.4450056116723
99,0,44.4818555929667,1.5712682379349,8.83370744481856,3.3062102506547,25.9726898615788,0.738870183314628,3.56808829031051,12.3035914702581,12.7805836139169,0.883838383838384,54.8587729143285,2.28675645342312,0.0794986906098017,21.1326225215114
100,0,30.8829031051253,1.71156004489338,8.32398054620277,2.01552562663674,25.9726898615788,0.78095772540217,3.75046763935653,12.2427983539095,2.50187055742611,0.939955106621773,41.8069584736251,3.57744107744108,0.0701459034792368,21.1326225215114
101,0,10.4002992891882,1.0662177328844,7.996632996633,0.888514777403666,26.0054246165357,0.78095772540217,4.06378600823045,3.33426861204639,2.19322858211747,0.893191170968949,20.8800972689862,10.727646838758,0.0841750841750842,21.1326225215114
102,0,6.40198279087168,0.659371492704826,7.996632996633,1.69285447063225,33.6606808829031,3.99364010475122,4.17601945379723,13.8280957725402,0.855780022446689,1.81444070332959,10.7416760194538,9.9139543583988,0.0841750841750842,35.3254769921437
103,0,2.6374859708193,0.659371492704826,18.3174335952114,2.5860456416012,33.5718294051627,4.12457912457912,19.9822297044519,24.6866816311261,1.440329218107,1.81444070332959,9.52113729891508,6.42068836513281,0.0654695099139544,34.3995510662177
104,0,1.41694725028058,0.659371492704826,16.7321361765806,31.9678264122709,32.2811447811448,4.41451552562664,19.9822297044519,18.2846988402544,1.42630003741115,2.50187055742611,4.94762439206884,6.21960344182566,0.0327347549569772,23.7701084923307
105,0,1.37485970819304,-0.659371492704826,8.58585858585859,63.6316872427984,25.8791619902731,3.76449682005238,19.9822297044519,15.8857089412645,0.593901982790872,1.77702955480733,6.60306771417883,5.74728769173214,0.0467639356528245,23.5362888140666
106,0,0.612607557052002,0.238496071829405,3.00692106247662,57.6412270856715,26.0007482229704,2.3194912083801,29.9055368499813,25.1449682005238,0.55181444070333,1.27197904975683,7.39805462027684,5.74728769173214,0.0187055742611298,25.1309390198279
107,0,0.322671156004489,0.238496071829405,2.60007482229704,40.100074822297,25.2618780396558,1.98746726524504,32.4822297044519,20.8286569397681,0.505050505050505,0.925925925925926,6.89768050879162,5.74728769173214,0.0280583613916947,25.1309390198279
108,0,0.177702955480733,0.238496071829405,2.43640104751216,24.8082678638234,25.4769921436588,0.369435091657314,23.2790871679761,13.3651328095773,0.505050505050505,0.963337074448186,4.38178077066966,28.1939768050879,0.0374111485222596,25.8885147774037
109,0,0.182379349046016,0.243172465394688,0.252525252525253,14.0712682379349,24.4435091657314,0.317994762439207,23.2790871679761,13.7111859334082,0.570520014964459,0.968013468013468,3.60082304526749,33.5390946502058,0.271230826786382,25.9072203516648
110,0,23.5690235690236,0.24784885895997,0.224466891133558,11.6629255518144,15.7875046763936,0.163673774784886,18.6167227833894,17.2325102880658,1.04283576505799,8.40347923681257,3.50729517396184,29.6436588103255,0.271230826786382,25.9072203516648
111,0,29.1292555181444,0.182379349046016,0.257201646090535,3.86737747848859,12.715114104003,0.201084923307146,17.068836513281,17.2325102880658,0.757575757575758,38.4726898615788,2.36625514403292,27.9320987654321,0.0187055742611298,25.4489337822671
112,0,29.1292555181444,0.182379349046016,0.542461653572765,2.62345679012346,10.629442573887,3.16591844369622,14.7540216984661,60.297418630752,0.416199027310138,37.6543209876543,1.44500561167228,20.7304526748971,0.00935278713056491,22.9190048634493
113,0,29.1292555181444,0.0561167227833895,1.1457164234942,1.80041152263374,9.01608679386457,5.38252899364011,8.53441825664048,71.8247287691732,0.425551814440703,36.09240553685,1.09895248784138,15.2450430228208,0,22.4887766554433
114,0,27.0342312008979,0.0888514777403666,1.00074822297045,0.949307893752338,7.51028806584362,5.53217358772914,8.73082678638234,64.7493453049009,0.158997381219603,32.631874298541,1.57594463150019,14.0432098765432,0,19.9962588851478
115,0,17.615974560419,0.0888514777403666,0.734193789749345,0.448933782267116,5.60699588477366,13.5334829779274,8.32398054620277,42.6346801346801,0.168350168350168,16.540404040404,1.53385708941264,8.44556677890011,0,16.7789001122334
116,0.893191170968949,16.6152263374486,2.02955480733259,0.734193789749345,0.51440329218107,3.7317620650954,14.6791994014216,11.4945753834643,20.4919566030677,0.107557052001496,12.0884773662551,1.12701084923307,4.91488963711186,0,14.0852974186308
117,-0.893191170968949,16.325289936401,2.02955480733259,3.15656565656566,0.659371492704826,1.42162364384587,15.4882154882155,11.4945753834643,17.0454545454545,0.126262626262626,7.43078937523382,0.790310512532735,4.33969322858212,0.00935278713056491,12.3035914702581
118,-0.893191170968949,12.3830901608679,5.1440329218107,4.63430602319491,0.505050505050505,1.41694725028058,11.1204638982417,10.1430976430976,11.8032173587729,0.177702955480733,6.13542835765058,0.257201646090535,1.92199775533109,0.00935278713056491,9.66142910587355
119,-0.893191170968949,12.3035914702581,12.5140291806958,14.552936775159,0.0420875420875421,2.82921810699588,2.45978301533857,8.35203890759446,10.0542461653573,0.187055742611298,5.55555555555556,0.24784885895997,1.76300037411149,0.271230826786382,6.01851851851852
120,1.28133183688739,8.79161990273101,12.4251777029555,11.2981668537224,0.0420875420875421,2.81051253273476,0.406846240179573,4.1853722409278,7.73943135054246,0.196408529741863,1.73961840628507,0.154320987654321,1.6788252899364,0.271230826786382,4.7699214365881
121,1.23924429479985,8.40815563037785,16.7040778151889,2.70295548073326,0.0327347549569772,1.28133183688739,0.439580995136551,3.76449682005238,3.78320239431351,1.54788627010849,0.332023943135054,0.411522633744856,7.41676019453797,1.08024691358025,3.60082304526749
122,1.1457164234942,5.66778900112233,15.8950617283951,1.56659184436962,0.0327347549569772,2.52057613168724,0.350729517396184,3.85802469135802,3.53067714178825,1.4917695473251,0.173026561915451,0.911896745230079,7.10811821922933,1.07557052001496,4.12925551814441
123,0.771604938271605,4.71380471380471,10.0261878039656,0.612607557052002,0.0327347549569772,2.4784885895997,3.79723157500935,7.54769921436588,2.70763187429854,0.0654695099139544,0.154320987654321,5.17676767676768,7.10811821922933,0.547138047138047,3.57276468387579
124,0.486344930789375,1.07557052001496,10.0261878039656,0.692106247661803,32.0894126449682,2.27740366629255,3.79723157500935,6.79947624392069,2.19790497568275,0.0607931163486719,0.144968200523756,5.11597456041901,6.5843621399177,0.5331088664422,1.87055742611298
125,0.486344930789375,1.08492330714553,10.4377104377104,0.692106247661803,33.1416011971568,2.53928170594837,4.64365881032548,2.99756827534605,1.38421249532361,0.0327347549569772,0.144968200523756,1.39356528245417,4.43789749345305,0.0607931163486719,1.31874298540965
126,0.453610175832398,1.08492330714553,28.9842873176207,1.7583239805462,13.2809577254022,1.19715675271231,6.79479985035541,2.68424990647213,0.481668537224093,0.135615413393191,0.944631500187056,0.289936401047512,7.78151889263,0.0467639356528245,1.11298166853722
127,0.453610175832398,24.0413393191171,28.9842873176207,1.79105873550318,14.3284698840254,0.621960344182566,6.09801720912832,2.56266367377478,0.481668537224093,0.135615413393191,0.925925925925926,0.252525252525253,8.12289562289562,0.168350168350168,1.26730265619155
128,0.453610175832398,24.5323606434718,24.1301907968575,1.79105873550318,6.35054246165357,0.154320987654321,4.00766928544706,3.03030303030303,0.481668537224093,13.9590347923681,0.0701459034792368,0.233819678264123,18.1864945753835,44.8887018331463,1.26730265619155
129,32.1081182192293,14.1647961092406,12.4485596707819,26.837822671156,1.57594463150019,0.154320987654321,3.22203516647961,1.7583239805462,13.3838383838384,16.5778151889263,0.0607931163486719,20.3049008604564,19.3228582117471,79.2976056864946,1.12701084923307
130,32.1315001870557,13.3417508417508,7.36531986531987,27.483164983165,1.57594463150019,0.0140291806958474,2.69827908716798,2.40366629255518,16.8396932285821,16.5778151889263,0,31.8368873924429,20.099139543584,73.0078563411897,5.79405162738496
131,32.1315001870557,10.2413019079686,7.36531986531987,17.1436588103255,1.57594463150019,0.116909839132061,7.52431724653947,8.83838383838384,9.77833894500561,33.5905349794239,0,32.846988402544,38.8280957725402,60.8726150392817,15.9137673026562
132,7.09408903853348,4.47530864197531,7.36531986531987,16.0680882903105,7.42143658810325,0.116909839132061,7.94051627384961,7.75346053123831,3.66161616161616,33.5905349794239,0.00467639356528245,33.1509539842873,38.2575757575758,54.6997755331089,15.2918069584736
133,2.53928170594837,3.52600074822297,34.5725776281332,16.0072951739618,7.25308641975309,7.86101758323981,6.62644968200524,1.59465020576132,1.02413019079686,34.7315750093528,0.00467639356528245,34.7596333707445,18.4530490086046,34.4276094276094,12.2334455667789
134,1.99214365881033,3.50729517396184,34.2686120463898,15.198279087168,7.25308641975309,7.86101758323981,7.00056116722783,1.59465020576132,0.958660680882903,33.0246913580247,6.00448933782267,31.1728395061728,14.3471754582866,34.7128694350917,30.8922558922559
135,0.49569771791994,3.50729517396184,7.41208380097269,14.3237934904602,8.04339693228582,3.12850729517396,6.24298540965208,1.24392068836513,6.63112607557052,28.2921810699588,48.7514029180696,22.797418630752,10.2132435465769,34.7128694350917,28.3903853348298
136,0.547138047138047,3.06303778526001,2.38963711185933,10.994201271979,43.2846988402544,16.0353535353535,3.68499812944257,0.467639356528245,7.00523756079312,50.2057613168724,54.9242424242424,8.26786382341938,7.56640478862701,34.768986157875,32.2063224841003
137,0.49569771791994,3.06303778526001,2.38963711185933,9.36213991769547,59.0020576131687,39.188178077067,2.33352038907594,0.2665544332211,3.41376730265619,47.5028058361392,59.8531612420501,6.95847362514029,4.33969322858212,29.2227833894501,24.7194163860831
138,0.126262626262626,2.63280957725402,6.74803591470258,6.8228582117471,45.6182192293303,38.90759446315,0.271230826786382,0.0233819678264123,2.40834268612046,46.6329966329966,54.3630751964085,4.503367003367,3.97961092405537,26.290684624018,24.7194163860831
139,0.0794986906098017,2.01084923307146,6.74803591470258,4.7979797979798,19.4304152637486,38.8514777403666,0.271230826786382,0.0280583613916947,0.547138047138047,15.5209502431725,21.3150018705574,3.40909090909091,1.95473251028807,15.3759820426487,13.9964459408904
140,0.0280583613916947,0.144968200523756,6.74803591470258,8.67003367003367,4.92891881780771,31.1213991769547,3.22203516647961,0.0748222970445193,0.140291806958474,11.1204638982417,21.3150018705574,3.40909090909091,2.69827908716798,11.6582491582492,4.43789749345305
141,0.0748222970445193,0.0748222970445193,6.74803591470258,6.56098017209128,2.85727646838758,26.7770295548073,36.5647212869435,0.0748222970445193,0.107557052001496,10.0776281331837,19.6315001870557,3.40441451552563,2.68892630003741,9.25458286569398,3.44650205761317
142,0.0701459034792368,0.706135428357651,6.74803591470258,6.56098017209128,2.81518892630004,26.4122708567153,35.4236812570146,0.0748222970445193,0.224466891133558,4.37242798353909,10.0729517396184,8.44556677890011,2.81986531986532,5.81743359521137,3.44650205761317
143,0.0701459034792368,15.6425364758698,17.5738870183315,3.54938271604938,2.72633744855967,27.1979049756828,32.5430228208006,14.3471754582866,18.2800224466891,4.37242798353909,4.94762439206884,8.44556677890011,2.90871679760569,5.81743359521137,7.25308641975309
144,0.233819678264123,15.9698840254396,20.4779274223719,1.82379349046016,5.61634867190423,26.5619154508043,31.738683127572,16.6292555181444,32.1315001870557,5.72390572390572,4.6109240553685,22.4233071455294,2.97418630751964,5.09726898615788,8.09016086793865
145,1.34680134680135,9.31537598204265,23.4287317620651,1.82379349046016,11.0316124205013,23.5362888140666,27.2493453049009,18.8786008230453,28.1425364758698,4.38645716423494,4.62027684249906,24.8035914702581,3.24541713430602,3.61485222596334,7.18294051627385
146,1.34680134680135,7.47755331088664,24.602506546951,2.34754956977179,13.6457164234942,20.9549195660307,7.12214739992518,16.2364384586607,12.0230078563412,4.38645716423494,22.0445192667415,21.8387579498691,3.71305649083427,2.01084923307146,1.49644594089039
147,91.1288814066592,3.53535353535354,23.8449307893752,2.41301907968575,14.15544332211,12.0089786756453,3.40441451552563,6.64047886270108,12.0230078563412,4.38645716423494,30.265619154508,15.1561915450804,7.17826412270857,2.01084923307146,1.24859708193042
148,91.1288814066592,3.53535353535354,20.9221848110737,0.341376730265619,11.8827160493827,12.0089786756453,2.96015712682379,0.935278713056491,7.49158249158249,11.7143658810325,25.5892255892256,15.1561915450804,6.09801720912832,2.01084923307146,1.68350168350168
149,80.7005237560793,6.57500935278713,18.6775158997381,0.346053123830902,8.4221848110737,15.1702207257763,1.60867938645716,1.28133183688739,1.62738496071829,11.5179573512907,21.8060231949121,11.705013093902,7.18294051627385,3.82061354283577,1.57594463150019
150,-80.7005237560793,6.52356902356902,9.81107369996259,0.49569771791994,8.41750841750842,13.8421249532361,1.37018331462776,1.25794986906098,0.589225589225589,8.50635989524878,21.9463150018706,5.77534605312383,6.67321361765806,3.95622895622896,0.49569771791994
151,23.9104002992892,2.1324354657688,9.32005237560793,1.01477740366629,6.59839132061354,3.26879910213244,0.47699214365881,0.519079685746352,0.205761316872428,3.64291058735503,22.0117845117845,5.80340441451553,4.39113355780022,6.41133557800224,0.0841750841750842
152,18.6634867190423,1.72558922558923,9.30602319491208,0.837074448185559,6.54227459783015,2.3194912083801,0.49569771791994,0.257201646090535,0.500374111485223,1.5198279087168,36.9341563786008,5.58361391694725,4.51271979049757,5.21417882528994,0.0794986906098017
153,18.6634867190423,1.61335578002245,8.39412644968201,0.112233445566779,1.85185185185185,2.3194912083801,0.49569771791994,0.173026561915451,0.425551814440703,0.444257388701833,36.2560793116349,5.19079685746352,4.98971193415638,3.60549943883277,0.00467639356528245
154,20.7210998877666,2.34754956977179,7.64590347923681,0.201084923307146,1.85185185185185,10.7229704451927,1.50579872802095,0.2665544332211,0.374111485222596,0.149644594089039,20.9970071081182,5.26094276094276,4.96632996632997,0.668724279835391,0.336700336700337
155,13.1640478862701,2.11372989150767,7.3559670781893,0.322671156004489,1.85185185185185,10.7229704451927,1.51047512158623,0.271230826786382,0.21043771043771,0.191732136176581,9.7268986157875,7.98260381593715,11.6255144032922,0.392817059483726,0.332023943135054
156,2.68424990647213,2.11372989150767,7.21567527123083,0.804339693228582,38.7673026561915,1.99682005237561,1.51047512158623,0.233819678264123,0.24784885895997,1.31406659184437,7.26711560044893,6.54695099139544,19.1451552562664,0.322671156004489,0.332023943135054
157,2.62345679012346,9.06752712308268,7.21567527123083,0.823045267489712,39.3004115226337,1.54320987654321,1.34212495323606,0.243172465394688,0.24784885895997,1.39824167601945,6.72933034044145,1.20183314627759,19.1451552562664,0.22914328469884,4.67639356528245
158,2.62345679012346,9.01141040029929,7.23905723905724,4.24148896371119,25.4161990273101,0.243172465394688,1.29536101758324,0.233819678264123,2.48316498316498,0.575196408529742,7.50093527871306,1.48241676019454,19.1451552562664,0.444257388701833,4.62027684249906
159,2.51589973812196,9.01141040029929,7.22970445192667,4.3163112607557,10.5780022446689,0.579872802095024,0.5331088664422,0.0794986906098017,2.49251777029555,0.486344930789375,8.47830153385709,1.48241676019454,25.0233819678264,9.75963337074448,1.15039281705948
160,0.51440329218107,5.99513655069211,5.85952113729892,3.64758698092031,2.28675645342312,0.911896745230079,0.275907220351665,0.107557052001496,2.7450430228208,0.383464272353161,5.54152637485971,6.06528245417134,23.5643471754583,11.3729891507669,0.968013468013468
161,0.51440329218107,4.08716797605686,3.07706696595585,1.58529741863075,2.2119341563786,0.74354657687991,0.116909839132061,9.80172091283202,1.98279087167976,0.383464272353161,2.80115974560419,7.55705200149645,5.66311260755705,22.8114478114478,0.977366255144033
162,0.416199027310138,1.36550692106248,2.94145155256266,0.336700336700337,2.00617283950617,0.542461653572765,0.163673774784886,9.80172091283202,1.27665544332211,1.31406659184437,2.89001122334456,5.0364758698092,3.44182566404789,16.5637860082305,6.14010475121586
163,0.289936401047512,0.289936401047512,2.76374859708193,0.308641975308642,2.00149644594089,0.5331088664422,0.149644594089039,15.3619528619529,1.00542461653573,3.0115974560419,2.80583613916947,1.82846988402544,2.28675645342312,4.70912832023943,6.14010475121586
164,0.289936401047512,0.102880658436214,1.26262626262626,0.0654695099139544,2.18387579498691,0.528432472876917,0.294612794612795,8.609240553685,0.925925925925926,2.03890759446315,2.43172465394688,1.15506921062477,3.08641975308642,1.12701084923307,5.5695847362514
165,0.584549195660307,0.0280583613916947,1.24859708193042,0.346053123830902,2.24934530490086,0.528432472876917,0.275907220351665,7.9171343060232,0.949307893752338,0.832398054620277,3.58679386457164,0.668724279835391,3.0115974560419,0.294612794612795,2.96483352038908
166,4.04975682753461,-0.0280583613916947,1.14104002992892,0.346053123830902,1.73961840628507,1.96408529741863,0.187055742611298,11.2186681631126,1.11298166853722,0.846427235316124,3.58679386457164,0.668724279835391,2.23063973063973,0.294612794612795,2.53460531238309
167,4.01702207257763,-0.0280583613916947,1.21586232697344,0.346053123830902,0.706135428357651,1.95473251028807,0.0607931163486719,11.2186681631126,1.58997381219603,0.668724279835391,0.411522633744856,0.720164609053498,1.71156004489338,0.313318368873924,3.29685746352413
168,3.49794238683128,-0.0280583613916947,1.91264496820052,3.89543583988028,0.757575757575758,2.12775907220352,0.0654695099139544,12.3597081930415,1.31406659184437,0.102880658436214,0.313318368873924,0.902543958099514,1.22989150766929,0.416199027310138,2.95080433969323
169,3.48858959970071,-0.0280583613916947,1.69753086419753,4.20875420875421,0.668724279835391,2.64216236438459,0.21043771043771,12.3597081930415,0.547138047138047,0.102880658436214,0.30396558174336,1.16442199775533,1.66947250280584,0.364758698092031,4.64833520389076
170,3.278151889263,-0.0280583613916947,1.440329218107,2.46913580246914,0.621960344182566,2.9040404040404,1.53385708941264,11.3496071829405,0.313318368873924,0.144968200523756,1.10362888140666,1.16442199775533,1.43565282454171,0.364758698092031,4.73251028806584
171,1.11765806210251,-0.0280583613916947,1.45903479236813,2.46913580246914,0.612607557052002,2.87130564908343,1.62738496071829,11.3496071829405,1.00542461653573,0.0888514777403666,1.05686494575383,1.16442199775533,0.491021324354658,0.364758698092031,3.87673026561915
172,0.785634118967452,-0.0280583613916947,1.54320987654321,2.51122334455668,0.509726898615787,0.402169846614291,1.62738496071829,11.3496071829405,3.40909090909091,0.191732136176581,0.00467639356528245,0.809016086793865,0.383464272353161,0.0935278713056491,1.87055742611298
173,0.261878039655817,-0.0280583613916947,1.54320987654321,2.89468761690984,0.47699214365881,0.556490834268612,0.701459034792368,11.8078937523382,3.40909090909091,0.215114104002993,0.135615413393191,0.837074448185559,0.30396558174336,0.116909839132061,1.99214365881033
174,0.261878039655817,-0.0280583613916947,1.02880658436214,2.91339319117097,0.47699214365881,0.794986906098017,0.233819678264123,9.95136550692106,3.11447811447811,0.28526000748223,0.135615413393191,2.05761316872428,0.500374111485223,0.275907220351665,3.40441451552563
175,0.261878039655817,-0.0280583613916947,0.313318368873924,2.9040404040404,0.453610175832398,0.794986906098017,0.0561167227833895,6.28507295173962,2.52525252525253,0.238496071829405,0.205761316872428,2.80583613916947,0.462962962962963,0.289936401047512,3.77384960718294
176,0.261878039655817,-0.0280583613916947,0.491021324354658,5.74261129816685,0.130939019827909,1.84249906472129,0.116909839132061,7.49158249158249,2.29610924055368,0.430228208005986,0.112233445566779,2.80583613916947,0.486344930789375,0.182379349046016,3.68032173587729
177,0.430228208005986,-0.0280583613916947,0.491021324354658,5.43864571642349,0.0888514777403666,2.38963711185933,0.509726898615787,8.05742611298167,1.72091283202394,1.15039281705948,-0.112233445566779,1.48241676019454,0.589225589225589,0.0982042648709315,3.68032173587729
178,0.837074448185559,-0.0280583613916947,0.458286569397681,1.08492330714553,0.0888514777403666,9.40422745978302,0.509726898615787,7.3559670781893,1.84249906472129,1.15039281705948,0.158997381219603,0.140291806958474,1.27197904975683,0.0233819678264123,3.68032173587729
179,1.32341937897493,-0.0280583613916947,0.420875420875421,1.08492330714553,0.0794986906098017,8.1556303778526,0.0654695099139544,2.92274597830153,2.36625514403292,0.392817059483726,0.158997381219603,0.0935278713056491,1.27197904975683,0.102880658436214,1.64141414141414
180,1.28133183688739,-0.0280583613916947,0.486344930789375,1.08959970071081,0.2665544332211,1.87991021324355,0.0654695099139544,0.289936401047512,2.2914328469884,0.458286569397681,0.158997381219603,1.69753086419753,1.27197904975683,0.0794986906098017,1.52918069584736
181,0.851103628881407,-0.0280583613916947,0.252525252525253,1.23924429479985,0.2665544332211,1.57594463150019,0,0.313318368873924,2.51122334455668,1.40759446315002,0.173026561915451,1.69753086419753,0.313318368873924,0,2.2399925177703
182,0.0467639356528245,-0.0280583613916947,1.18312757201646,1.13636363636364,0.0982042648709315,1.57594463150019,0,0.392817059483726,1.95473251028807,1.40759446315002,0.140291806958474,1.69753086419753,0.163673774784886,0,2.03423120089787
183,0.0467639356528245,-0.0280583613916947,1.16442199775533,1.13636363636364,0.149644594089039,3.47923681257015,0,0.664047886270108,0.135615413393191,1.01945379723157,0.140291806958474,5.78937523381968,0.163673774784886,0.116909839132061,1.05686494575383
184,0.0467639356528245,0.280583613916947,0.275907220351665,0.832398054620277,0.163673774784886,3.35297418630752,0.0794986906098017,0.509726898615787,0.135615413393191,1.01945379723157,0.219790497568275,5.78937523381968,0.388140665918444,0.135615413393191,0.275907220351665
185,1.02413019079686,0.0467639356528245,0.168350168350168,0.7996632996633,0.158997381219603,3.35297418630752,0.752899364010475,0.509726898615787,0.135615413393191,1.03348297792742,0.173026561915451,5.83146277590722,0.416199027310138,0.261878039655817,0
186,1.0381593714927,0.0467639356528245,0.0233819678264123,0.22914328469884,0.116909839132061,3.75514403292181,0.752899364010475,0.322671156004489,0.706135428357651,1.08959970071081,0.996071829405163,5.83146277590722,0.411522633744856,0.243172465394688,0.0982042648709315
187,0.996071829405163,0.0327347549569772,0.0233819678264123,0.0654695099139544,0.0374111485222596,2.43640104751216,1.01477740366629,0.154320987654321,0.659371492704826,1.0662177328844,1.01945379723157,0.607931163486719,0.196408529741863,0.102880658436214,0.21043771043771
188,0.996071829405163,0.00935278713056491,0.0280583613916947,0.112233445566779,0.0327347549569772,2.43640104751216,1.87523381967826,0.388140665918444,0.173026561915451,1.0662177328844,1.01945379723157,0.416199027310138,4.49401421623644,0.299289188178077,0.252525252525253
189,0.332023943135054,0.00935278713056491,0.149644594089039,0.0794986906098017,0.163673774784886,2.41301907968575,2.28675645342312,0.729517396184063,0.102880658436214,2.17919940142162,1.01945379723157,0.902543958099514,4.48933782267116,0.692106247661803,0.252525252525253
190,0.294612794612795,0.00935278713056491,0.149644594089039,0.963337074448186,1.01010101010101,2.41301907968575,1.837822671156,1.24859708193042,0.187055742611298,2.17919940142162,0.593901982790872,1.02880658436214,3.66629255518144,0.692106247661803,0.252525252525253
191,0.21043771043771,0.0327347549569772,0.0327347549569772,0.986719042274598,3.29218106995885,1.37018331462776,1.46371118593341,1.24859708193042,0.22914328469884,3.15188926300037,0.201084923307146,1.34680134680135,3.22671156004489,0.177702955480733,0.664047886270108
192,0.0140291806958474,0.0327347549569772,0.0233819678264123,1.27665544332211,2.43640104751216,1.16909839132061,1.07557052001496,1.34212495323606,2.30546202768425,5.87355031799476,0.813692480359147,2.58136924803591,1.01945379723157,0.215114104002993,0.570520014964459
193,0.0140291806958474,0,0.0233819678264123,1.27665544332211,0.444257388701833,0.635989524878414,0.794986906098017,1.72558922558923,4.11054994388328,5.87355031799476,1.15039281705948,3.31556303778526,1.37953610175832,0.243172465394688,0.317994762439207
194,0.0607931163486719,0,0,2.12308267863823,0.74354657687991,0.0607931163486719,0.827721661054994,1.19248035914703,4.09184436962215,0.182379349046016,1.24859708193042,7.93116348671904,1.37953610175832,2.07631874298541,0.0327347549569772
195,0.0467639356528245,0,0.00935278713056491,2.12775907220352,0.813692480359147,0.051440329218107,0.201084923307146,0.130939019827909,5.98110736999626,0.219790497568275,1.1457164234942,5.96240179573513,0.187055742611298,2.03890759446315,0.00935278713056491
196,0,0.0420875420875421,0.257201646090535,1.93135054246165,0.528432472876917,0.0140291806958474,0.0420875420875421,0,5.08791619902731,0.411522633744856,1.90329218106996,1.56191545080434,0.0233819678264123,0.149644594089039,0.00935278713056491
197,0,0.0420875420875421,0.257201646090535,1.34212495323606,0.556490834268612,0,0.0420875420875421,0.0280583613916947,0.589225589225589,0.411522633744856,4.48466142910587,0.883838383838384,0.0794986906098017,0.369435091657314,0.051440329218107
198,0.0187055742611298,0.0420875420875421,0.776281331836887,0.21043771043771,2.41301907968575,0.0607931163486719,0.219790497568275,0.238496071829405,0.617283950617284,0,3.54938271604938,0.121586232697344,0.0794986906098017,0.453610175832398,0.0607931163486719
199,0.0187055742611298,0.0420875420875421,1.00074822297045,0.252525252525253,2.23063973063973,0.144968200523756,0.472315750093528,0.542461653572765,0.925925925925926,0,0.982042648709315,0.0327347549569772,0.196408529741863,0.187055742611298,1.29536101758324
200,0.0187055742611298,0.0420875420875421,0.776281331836887,1.82379349046016,0.0888514777403666,0.313318368873924,0.505050505050505,0.542461653572765,0.7996632996633,0.168350168350168,0.317994762439207,0.0233819678264123,0.173026561915451,0.00467639356528245,1.3047138047138
201,0.0187055742611298,0.00467639356528245,0.804339693228582,1.85185185185185,0,0.317994762439207,0.51440329218107,3.10044893378227,0.0420875420875421,0.168350168350168,0.0935278713056491,0.0187055742611298,0.930602319491208,0.191732136176581,1.3047138047138
202,0,0.00467639356528245,0.126262626262626,3.22203516647961,0,0.205761316872428,0.51440329218107,3.50729517396184,0.261878039655817,0.294612794612795,0.0748222970445193,0,0.930602319491208,0.187055742611298,1.3327721661055
203,0,0,0.135615413393191,2.75439580995137,0.21043771043771,0.280583613916947,0.5331088664422,1.42162364384587,0.280583613916947,0.706135428357651,0,0.0935278713056491,1.0662177328844,0.0607931163486719,1.3327721661055
204,0,0,0.0187055742611298,0.645342312008979,0.21043771043771,0.121586232697344,0.0654695099139544,0.0607931163486719,0.121586232697344,0.631313131313131,0,0.0935278713056491,1.07557052001496,0.0607931163486719,0.579872802095024
205,0,0.0327347549569772,0,0.467639356528245,0.22914328469884,0.0467639356528245,0.243172465394688,0,0.158997381219603,0.5331088664422,0,0.505050505050505,0.996071829405163,0.0607931163486719,0
206,0,0.0327347549569772,0,1.38888888888889,0.308641975308642,0.112233445566779,0.215114104002993,0.0841750841750842,0.289936401047512,0.5331088664422,0,0.481668537224093,0.76225215114104,0.0607931163486719,0.201084923307146
207,0,0.0327347549569772,0,1.53385708941264,0.364758698092031,0.112233445566779,0.0327347549569772,0.121586232697344,0.598578376356154,0.28526000748223,0,0.00935278713056491,0.687429854096521,0.0701459034792368,0.205761316872428
208,0.0841750841750842,0.0233819678264123,0,0.481668537224093,0.0935278713056491,0.0280583613916947,0.00935278713056491,0.121586232697344,0.561167227833894,0.30396558174336,0,0.00935278713056491,0.430228208005986,0.0280583613916947,0.00467639356528245
209,0.0841750841750842,0.0280583613916947,0.0280583613916947,0.434904601571268,0.201084923307146,0.0982042648709315,0,0.0374111485222596,0.402169846614291,0.191732136176581,0,0.0140291806958474,0.215114104002993,0.102880658436214,0
210,0.0841750841750842,0.00467639356528245,0.0748222970445193,0.420875420875421,0.238496071829405,0.430228208005986,0.051440329218107,0.0561167227833895,0.402169846614291,0.00467639356528245,0,0.406846240179573,1.47306397306397,0.397493453049009,0
211,0,0,0.0467639356528245,0.968013468013468,0.21043771043771,0.579872802095024,0.0748222970445193,0.0374111485222596,0.402169846614291,0.00467639356528245,0,0.734193789749345,1.47306397306397,0.350729517396184,0
212,0,0,0,1.07089412644968,0.116909839132061,0.458286569397681,0.0374111485222596,0.0280583613916947,0.402169846614291,0.00467639356528245,0,0.790310512532735,1.47306397306397,0.0233819678264123,0.855780022446689
213,0,0,0.00467639356528245,1.29536101758324,0.0841750841750842,0.481668537224093,0,0.0280583613916947,0.402169846614291,0.0701459034792368,0.0187055742611298,0.257201646090535,0.542461653572765,0.00935278713056491,0.949307893752338
214,23.6531986531987,0,0.00467639356528245,0.99139543583988,0.0748222970445193,0.102880658436214,0.0187055742611298,0.00935278713056491,0.0607931163486719,0.0701459034792368,0.0748222970445193,3.20800598578376,0.0280583613916947,0,0.949307893752338
215,23.8542835765058,0,0.0982042648709315,0.0187055742611298,0,0.0561167227833895,0.0187055742611298,0.308641975308642,0.116909839132061,0.191732136176581,0.261878039655817,3.24541713430602,0.0280583613916947,0,0.949307893752338
216,15.4975682753461,0,0.0982042648709315,0.205761316872428,0,4.68574635241302,0,0.383464272353161,0.233819678264123,0.187055742611298,0.261878039655817,4.46595585484474,0.0140291806958474,0.0374111485222596,1.21118593340816
217,12.5467639356528,0,0.0982042648709315,0.224466891133558,0,4.73718668163113,0,0.336700336700337,0.392817059483726,0.121586232697344,0.00467639356528245,2.20258136924804,0,1.77235316124205,1.37485970819304
218,12.5467639356528,0,0.0982042648709315,0.336700336700337,0.187055742611298,0.0748222970445193,0,0.294612794612795,0.448933782267116,0.491021324354658,0.383464272353161,0.21043771043771,0.0374111485222596,1.98746726524504,1.48709315375982
219,-12.5467639356528,0.0187055742611298,0.116909839132061,0.374111485222596,0.201084923307146,0.00467639356528245,0.24784885895997,0.542461653572765,0.869809203142537,5.07856341189675,0.397493453049009,0.126262626262626,0.0374111485222596,0.565843621399177,3.55405910961466
220,-12.5467639356528,0.0187055742611298,0.112233445566779,0.701459034792368,0.0140291806958474,0.00467639356528245,0.299289188178077,0.542461653572765,0.869809203142537,5.07856341189675,0.0935278713056491,0.0327347549569772,0.0748222970445193,0,2.41301907968575
221,-12.5467639356528,0,0.177702955480733,0.668724279835391,0.0654695099139544,0,0.275907220351665,0.2665544332211,1.11298166853722,0,0.144968200523756,0,0.205761316872428,0,0.332023943135054
222,-12.5467639356528,0,0.177702955480733,0.678077066965956,0.0654695099139544,0.617283950617284,0.140291806958474,0.201084923307146,0.916573138795361,0.0561167227833895,0.144968200523756,0,0.392817059483726,0,0.332023943135054
223,-12.5467639356528,0.00467639356528245,0.621960344182566,0.7996632996633,0.0654695099139544,0.617283950617284,0.7996632996633,0.149644594089039,2.43172465394688,0.0701459034792368,0.0140291806958474,0,0.486344930789375,0,1.07557052001496
224,-12.5467639356528,0.00935278713056491,0.593901982790872,1.39824167601945,0.051440329218107,0,1.09895248784138,0,16.6292555181444,0.434904601571268,0.0140291806958474,0.0327347549569772,0.21043771043771,0.0233819678264123,1.16909839132061
225,-12.5467639356528,0.00935278713056491,0.0561167227833895,1.17845117845118,0.0280583613916947,0.243172465394688,0.757575757575758,0,16.3299663299663,0.467639356528245,0,0.425551814440703,0.996071829405163,0.0233819678264123,0.500374111485223
226,-12.5467639356528,0,0.0561167227833895,0.687429854096521,0.0280583613916947,5.50411522633745,0.0467639356528245,0.191732136176581,2.5860456416012,0.112233445566779,0,1.10362888140666,0.996071829405163,1.04283576505799,0.327347549569772
227,-12.5467639356528,1.0662177328844,0,0.0374111485222596,0.0280583613916947,5.50411522633745,0,0.2665544332211,2.73569023569024,0.416199027310138,0,0.860456416011972,0.0420875420875421,1.03348297792742,0.140291806958474
228,-12.5467639356528,1.0662177328844,0,0.0187055742611298,0.0187055742611298,0.664047886270108,0,0.2665544332211,1.77702955480733,0.509726898615787,0.051440329218107,0.472315750093528,0.635989524878414,1.02880658436214,0.0374111485222596
229,-12.5467639356528,1.0662177328844,0,0.0327347549569772,0.00467639356528245,1.24392068836513,0,0.467639356528245,0.402169846614291,0.5331088664422,0.24784885895997,0.668724279835391,0.635989524878414,1.04283576505799,0.00935278713056491
230,-12.5467639356528,1.10362888140666,0.00935278713056491,0.0140291806958474,0.425551814440703,3.41376730265619,1.08959970071081,0.505050505050505,0.0140291806958474,6.42068836513281,0.205761316872428,0.668724279835391,0.635989524878414,0.804339693228582,0
231,-12.5467639356528,0.154320987654321,0.0327347549569772,1.74429479985036,0.528432472876917,3.41844369622147,1.08959970071081,0.519079685746352,0.0140291806958474,30.2235316124205,0.0701459034792368,0.392817059483726,0.201084923307146,0.752899364010475,1.24392068836513
232,0.0467639356528245,0.154320987654321,1.87991021324355,1.74429479985036,0.982042648709315,0.738870183314628,0.701459034792368,0.505050505050505,0.0140291806958474,30.2235316124205,0.140291806958474,1.38421249532361,0.201084923307146,0.350729517396184,1.53385708941264
233,0.402169846614291,0.126262626262626,1.87991021324355,2.52525252525253,0.626636737747849,1.62738496071829,0.902543958099514,0.00467639356528245,0.0140291806958474,29.4940142162364,0.378787878787879,1.55723905723906,0.0794986906098017,0.5331088664422,12.0089786756453
234,0.420875420875421,4.85877291432847,0,2.25869809203143,0.458286569397681,1.29068462401796,0.645342312008979,0,0.0140291806958474,24.8690609801721,0.378787878787879,0.953984287317621,0.0748222970445193,0.827721661054994,11.9762439206884
235,0.968013468013468,4.88683127572016,0.378787878787879,5.53217358772914,1.36550692106248,0.30396558174336,-0.645342312008979,0,0.0140291806958474,24.8597081930415,0.0233819678264123,0.706135428357651,0.0327347549569772,2.34287317620651,5.31705948372615
236,0.963337074448186,1.87991021324355,0.378787878787879,8.06210250654695,1.36550692106248,0.135615413393191,1.45903479236813,0.0140291806958474,0.0140291806958474,25.1870557426113,0.102880658436214,0.453610175832398,0.158997381219603,2.2119341563786,2.52992891881781
237,0.804339693228582,1.87991021324355,0.051440329218107,8.19771791994014,4.31163486719042,0.72484100261878,0.215114104002993,0.0140291806958474,0.0187055742611298,20.6696595585484,0.0841750841750842,0.102880658436214,0.158997381219603,0.0140291806958474,0.921249532360643
238,0.635989524878414,2.02020202020202,0.0794986906098017,0.388140665918444,4.26954732510288,0.977366255144033,1.89393939393939,1.05218855218855,0.149644594089039,2.30546202768425,0,0.00935278713056491,2.08099513655069,0.519079685746352,0.673400673400673
239,0.0561167227833895,0.879161990273101,0.0561167227833895,0.51440329218107,0.897867564534231,0.640665918443696,2.44107744107744,1.05218855218855,0.944631500187056,1.36550692106248,0,0,2.08099513655069,0.519079685746352,0.935278713056491
240,0.0794986906098017,0.374111485222596,0.0467639356528245,0.458286569397681,0.0794986906098017,0.0420875420875421,5.23756079311635,1.51047512158623,1.38421249532361,2.73101384212495,0.99139543583988,0,0.444257388701833,0,0.841750841750842
241,0.102880658436214,0.392817059483726,0.0140291806958474,2.20258136924804,0.0794986906098017,0.0140291806958474,5.31238309016087,1.58529741863075,1.38421249532361,2.75907220351665,0.99139543583988,0,0.191732136176581,0,0.841750841750842
242,0.121586232697344,0.392817059483726,0.0140291806958474,2.54395809951366,0.163673774784886,0.0841750841750842,5.31238309016087,1.52918069584736,2.92274597830153,0.350729517396184,0.444257388701833,0.0140291806958474,0.2665544332211,0.0654695099139544,0.00935278713056491
243,0.0841750841750842,0.135615413393191,0.617283950617284,2.44575383464272,0.163673774784886,0.168350168350168,5.31238309016087,0.257201646090535,2.57669285447063,0.0654695099139544,1.16442199775533,0.411522633744856,2.40366629255518,0.252525252525253,0.00935278713056491
244,0.0841750841750842,0.196408529741863,0.617283950617284,0.275907220351665,0.0561167227833895,0.112233445566779,0.168350168350168,0.294612794612795,0.215114104002993,0.0233819678264123,1.46838757949869,1.68817807706697,2.40366629255518,0.645342312008979,0
245,0.0140291806958474,0.706135428357651,0.196408529741863,0.289936401047512,0.0420875420875421,0.191732136176581,0.0841750841750842,3.25009352787131,0.243172465394688,0.0841750841750842,0.925925925925926,1.94070332959222,2.68892630003741,0.944631500187056,0.00935278713056491
246,1.46371118593341,8.21642349420127,0.0374111485222596,7.70669659558548,0.261878039655817,0.219790497568275,0.392817059483726,3.42779648335204,7.168911335578,0.191732136176581,0.841750841750842,1.63206135428358,1.5712682379349,0.958660680882903,0.00935278713056491
247,1.49644594089039,7.76281331836887,1.0662177328844,26.3280957725402,0.383464272353161,0.299289188178077,0.392817059483726,2.09034792368126,7.44949494949495,0.491021324354658,2.00617283950617,1.63206135428358,0.925925925925926,0.902543958099514,0.49569771791994
248,1.05218855218855,2.78713056490834,2.8245417134306,21.4599700710812,0.692106247661803,6.76206509539843,0.0187055742611298,2.09034792368126,2.12775907220352,1.72091283202394,14.9457538346427,1.65544332210999,0.416199027310138,1.47306397306397,0.621960344182566
249,0.233819678264123,2.78713056490834,2.95548073325851,5.41994014216236,0.598578376356154,6.75738870183315,0.0140291806958474,2.52525252525253,0.158997381219603,1.72091283202394,14.4219977553311,1.41694725028058,0.271230826786382,11.672278338945,0.621960344182566
250,0.0888514777403666,7.02394313505425,1.08024691358025,4.3443696221474,0.645342312008979,1.58997381219603,0.0140291806958474,3.39506172839506,0.734193789749345,1.69285447063225,4.83071455293677,0.996071829405163,0.233819678264123,11.672278338945,0.369435091657314
251,0.0654695099139544,8.80564908342686,0.911896745230079,0.332023943135054,2.04358398802843,0.238496071829405,0.0841750841750842,3.45585484474373,0.729517396184063,0,1.98279087167976,0.953984287317621,0.271230826786382,6.31313131313131,0.55181444070333
252,0.0233819678264123,8.82903105125327,1.01477740366629,0.261878039655817,1.90329218106996,0.177702955480733,0.121586232697344,16.9566030677142,1.63673774784886,0.897867564534231,0.294612794612795,0.851103628881407,0.182379349046016,6.19622147399925,0.650018705574261
253,0.0748222970445193,5.64440703329592,1.01477740366629,0.0607931163486719,1.87991021324355,5.16273849607183,0.28526000748223,18.1350542461654,3.28282828282828,0.982042648709315,0.158997381219603,0.654695099139544,0.0982042648709315,4.03105125327348,0.654695099139544
254,1.6788252899364,5.64440703329592,1.01477740366629,0.0794986906098017,6.48148148148148,7.42143658810325,0.280583613916947,18.1350542461654,2.86662925551814,1.10830527497194,0.0794986906098017,0.654695099139544,0.107557052001496,3.0396558174336,0.28526000748223
255,13.262252151141,12.3924429479985,1.09895248784138,0.0374111485222596,7.22035166479611,30.1346801346801,0.537785260007482,25.4068462401796,1.28600823045267,1.03348297792742,0.0841750841750842,0.313318368873924,0.140291806958474,1.45435839880284,0.22914328469884
256,13.4493078937523,12.3924429479985,1.22989150766929,0.0701459034792368,10.6387953610176,28.2173587729143,2.1324354657688,33.6980920314254,0.537785260007482,1.03348297792742,0.0280583613916947,0.252525252525253,0.173026561915451,1.33744855967078,0.397493453049009
257,20.9034792368126,3.96558174335952,0.790310512532735,0.0935278713056491,16.0587355031799,16.4936401047512,1.78170594837261,24.5323606434718,0.519079685746352,2.36625514403292,0.0374111485222596,0.238496071829405,0.154320987654321,10.0542461653573,0.397493453049009
258,16.9940142162364,2.20258136924804,1.26262626262626,0.0607931163486719,11.0643471754583,13.2201646090535,0.448933782267116,14.1086793864572,0.121586232697344,2.66086793864572,0.0467639356528245,0.191732136176581,0.116909839132061,9.82977927422372,0.547138047138047
259,10.8024691358025,1.65544332210999,1.23456790123457,0.289936401047512,4.63430602319491,8.89917695473251,0.327347549569772,14.2068836513281,0.523756079311635,1.80041152263374,0.177702955480733,0.402169846614291,0.196408529741863,9.46969696969697,5.74728769173214
260,8.54844743733633,3.32959221848111,0.78095772540217,1.35615413393191,4.57818930041152,6.35054246165357,0.24784885895997,18.8365132809577,0.72484100261878,0.617283950617284,0.177702955480733,0.509726898615787,2.94145155256266,3.86737747848859,14.4453797231575
261,5.80340441451553,3.32959221848111,0.963337074448186,1.38421249532361,1.82379349046016,6.89768050879162,0.0187055742611298,17.1483352038908,0.720164609053498,2.61410400299289,0,19.5286195286195,3.49326599326599,2.36625514403292,11.0456416011972
262,15.2356902356902,27.9367751589974,2.74036662925552,1.26262626262626,1.83314627759072,7.5149644594089,0.0607931163486719,11.3683127572016,0.177702955480733,2.42237186681631,0.0280583613916947,19.5099139543584,0.879161990273101,0.313318368873924,3.76449682005238
263,15.7360643471755,27.7731013842125,2.48316498316498,1.21118593340816,12.2053872053872,8.09951365506921,0.0748222970445193,10.0776281331837,0.135615413393191,0.76225215114104,0.158997381219603,5.10662177328844,0.444257388701833,1.5198279087168,1.16909839132061
264,8.16498316498316,4.37242798353909,0.383464272353161,0.855780022446689,13.047138047138,5.88757949869061,0.0982042648709315,5.26561915450804,0.462962962962963,0.738870183314628,0.149644594089039,5.10662177328844,0.626636737747849,1.37953610175832,1.44500561167228
265,7.03797231575009,4.32566404788627,0.752899364010475,0.589225589225589,5.75196408529742,3.03030303030303,0.317994762439207,4.59689487467265,0.462962962962963,0.205761316872428,0.0607931163486719,3.99364010475122,11.9481855592967,1.02880658436214,1.52918069584736
266,3.45585484474373,4.04040404040404,3.59147025813692,0.593901982790872,2.64216236438459,2.98821548821549,0.30396558174336,2.61878039655817,0.720164609053498,0.144968200523756,0.107557052001496,1.0662177328844,12.0463898241676,0.869809203142537,6.94444444444444
267,3.45585484474373,1.16909839132061,11.2139917695473,0.252525252525253,2.72633744855967,2.38963711185933,1.08492330714553,1.52918069584736,0.78095772540217,0.116909839132061,0.140291806958474,1.67414889637112,11.6535727646839,0.360082304526749,6.73400673400673
268,3.14253647586981,0.575196408529742,11.0503179947624,0.369435091657314,4.13860830527497,2.23063973063973,7.20632248410026,1.63673774784886,0.776281331836887,2.45978301533857,0.22914328469884,1.73026561915451,11.9014216236438,0.299289188178077,4.89618406285073
269,11.8172465394688,0.897867564534231,14.7399925177703,2.23063973063973,28.1939768050879,4.92424242424242,8.01066217732884,2.13711185933408,1.3327721661055,3.22671156004489,0.444257388701833,10.8726150392817,18.2800224466891,0.233819678264123,2.47381219603442
270,23.0265619154508,0.897867564534231,8.05274971941639,4.65301159745604,27.7684249906472,6.65450804339693,20.5667789001122,2.13711185933408,1.35147774036663,2.09034792368126,1.32341937897493,10.8726150392817,17.2091283202394,0.219790497568275,2.46913580246914
271,35.6668537224093,5.84081556303779,6.03254769921437,4.88683127572016,20.2861952861953,8.91320613542836,22.1240179573513,2.33352038907594,1.35147774036663,1.04283576505799,7.08005985783764,9.13299663299663,11.8686868686869,0.107557052001496,2.14178825289936
272,35.6668537224093,28.2080059857838,6.18686868686869,5.19079685746352,15.595772540217,9.19846614291059,24.0132809577254,2.75907220351665,8.44089038533483,1.13168724279835,6.61242050130939,7.15020576131687,7.28582117471006,0.116909839132061,1.22989150766929
273,36.2046389824168,28.6709689487467,3.39038533482978,7.47287691732136,13.7111859334082,8.94594089038534,18.9861578750468,2.86662925551814,8.2631874298541,1.47774036662926,6.06528245417134,3.86737747848859,5.07388701833146,0.154320987654321,1.31874298540965
274,37.7759072203517,28.493265993266,3.47923681257015,9.91863075196409,9.45566778900112,8.89917695473251,15.7594463150019,2.42704826038159,3.52600074822297,1.225215114104,4.51271979049757,3.72708567153012,3.46053123830902,0.196408529741863,1.8658810325477
275,26.2532734754957,22.3625140291807,3.43247287691732,25.1402918069585,8.53909465020576,17.9947624392069,15.7594463150019,2.2399925177703,2.84324728769173,0.925925925925926,2.99756827534605,7.67396184062851,2.96015712682379,0.196408529741863,2.5860456416012
276,22.8208005985784,10.5780022446689,2.23063973063973,24.7568275346053,8.57650579872802,16.2177328843996,12.6169098391321,9.93265993265993,2.2119341563786,0.766928544706322,1.87055742611298,7.53834642723532,1.92667414889637,0.196408529741863,3.00224466891134
277,22.8208005985784,8.08080808080808,2.56266367377478,26.4263000374111,7.01459034792368,10.9334081556304,10.8164983164983,9.36681631126076,8.74953236064347,0.790310512532735,1.24859708193042,4.52207257762813,1.64141414141414,0.177702955480733,3.82061354283577
278,17.3213617658062,7.25308641975309,3.51197156752712,23.2837635615413,7.03797231575009,11.9060980172091,9.87654320987654,9.35746352413019,9.9139543583988,2.0248784137673,4.28357650579873,3.38103254769921,1.16442199775533,0.121586232697344,2.59539842873176
279,15.0673400673401,1.73961840628507,2.79180695847363,19.701646090535,40.7687991021324,15.5864197530864,9.22652450430228,8.52038907594463,4.97568275346053,2.12308267863823,27.5533108866442,2.7450430228208,2.33352038907594,0.116909839132061,1.48241676019454
280,12.1399176954733,1.85185185185185,1.225215114104,17.4803591470258,43.1771417882529,13.1359895248784,9.22652450430228,9.12832023943135,4.7979797979798,3.890759446315,25.8978675645342,2.09034792368126,2.71698466142911,0.107557052001496,1.23924429479985
281,11.3823419378975,1.6788252899364,1.0662177328844,16.5544332210999,26.0568649457538,9.5959595959596,8.61859334081556,13.2528993640105,4.22745978301534,3.68967452300786,13.8327721661055,8.37074448185559,2.49251777029555,0.163673774784886,0.949307893752338
282,6.86494575383464,1.77235316124205,0.55181444070333,14.5295548073326,18.8926300037411,9.6754582865694,8.41283202394314,14.7399925177703,5.94837261503928,3.68967452300786,13.1546950991395,8.57650579872802,3.3857089412645,0.168350168350168,1.70220725776281
283,8.3146277590722,1.97811447811448,3.22203516647961,16.6760194537972,18.5512532734755,9.6754582865694,8.0761316872428,22.8254769921437,7.47755331088664,38.2154882154882,7.88439955106622,9.7268986157875,3.03497942386831,0.158997381219603,1.78170594837261
284,8.14160119715675,1.9734380845492,3.22203516647961,29.4285447063225,13.3651328095773,7.59446315001871,7.37467265245043,25.4395809951366,7.17826412270857,40.745417134306,7.68331462775907,50.2805836139169,2.12775907220352,0.187055742611298,25.827721661055
285,7.81893004115226,3.1191545080434,0.953984287317621,37.5701459034792,12.4719416386083,7.5430228208006,7.45417134306023,22.6337448559671,15.3432472876917,34.9279835390946,22.0351664796109,58.4783015338571,1.58997381219603,0.215114104002993,47.4794238683128
286,8.09483726150393,3.1191545080434,0.575196408529742,46.6329966329966,12.25215114104,6.52356902356902,7.07538346427235,21.5862326973438,18.7149270482604,32.4915824915825,22.0304900860456,51.7536475869809,1.74429479985036,0.121586232697344,60.6715301159746
287,8.02001496445941,7.47287691732136,0.579872802095024,42.9760568649458,12.25215114104,6.40198279087168,7.17826412270857,19.4023569023569,17.1249532360643,30.1627384960718,15.6565656565657,41.638608305275,1.43097643097643,0.0982042648709315,62.7244668911336
288,9.95136550692106,7.1969696969697,0.505050505050505,34.7549569771792,12.7759072203517,6.04657687991021,7.11747100635989,18.2192293303404,7.12214739992518,32.4775533108866,8.69341563786008,35.4985035540591,1.72091283202394,0.187055742611298,62.6075570520015
289,9.95136550692106,3.9188178077067,0.280583613916947,30.0645342312009,12.7759072203517,5.87355031799476,5.69584736251403,16.8677515899738,4.37710437710438,27.9320987654321,8.49233071455294,30.2796483352039,1.77702955480733,0.187055742611298,50.5284324728769
290,14.2817059483726,2.73101384212495,0.462962962962963,27.0903479236813,17.648709315376,4.70445192667415,5.45735129068462,16.4421997755331,3.45585484474373,24.3359521137299,6.49551066217733,28.3857089412645,1.88458660680883,0.168350168350168,44.2667414889637
291,12.532734754957,2.28675645342312,0.542461653572765,26.8097643097643,25.6219603441826,5.17676767676768,3.79723157500935,15.6565656565657,15.3385708941265,21.2729143284699,6.11204638982417,28.3062102506547,2.32416760194538,0.224466891133558,56.5937149270483
292,11.3542835765058,1.99214365881033,0.589225589225589,95.8286569397681,22.5729517396184,6.80415263748597,4.08249158249158,15.0860456416012,18.5746352413019,18.658810325477,5.58361391694725,26.5572390572391,3.12383090160868,0.224466891133558,57.6646090534979
293,6.20557426112982,1.79573512906846,0.883838383838384,95.9128320239431,17.1576879910213,48.4474373363262,3.82528993640105,15.0953984287318,14.7820800598578,18.078937523382,4.77927422371867,21.572203516648,3.02095024317247,77.1511410400299,58.361391694725
294,7.21099887766554,1.32341937897493,0.883838383838384,89.6137298915077,17.3821548821549,57.996632996633,4.26019453797232,16.9986906098017,8.44089038533483,16.9519266741489,4.44725028058361,18.6868686868687,2.23063973063973,77.6281331836887,56.2757201646091
295,7.21099887766554,0.832398054620277,71.2495323606435,83.9225589225589,15.3058361391695,55.7566404788627,4.25551814440703,20.0149644594089,8.4502431724654,15.81088664422,2.95548073325851,22.8020950243172,1.95940890385335,54.7792742237187,51.6414141414141
296,6.99120838009727,0.921249532360643,72.7413019079686,74.9298540965208,17.3868312757202,51.9173213617658,7.49625888514777,47.9096520763187,78.7972315750093,14.3144407033296,3.75514403292181,32.8750467639357,1.12701084923307,27.600074822297,49.4248035914703
297,6.70594837261504,0.851103628881407,52.483164983165,68.5886644219977,21.6984661429106,46.7779648335204,30.5836139169473,60.1384212495324,79.1619902731014,12.8928170594837,31.9444444444444,33.3333333333333,1.05218855218855,20.4124579124579,46.6984661429106
298,5.36849981294426,1.3327721661055,30.3264122708567,65.4928918817808,20.6603067714179,45.03367003367,28.3155630377853,49.8877665544332,69.4397680508792,12.7572016460905,37.1679760568649,67.1763935652825,1.06154133931912,13.973063973064,45.4498690609802
299,6.01384212495324,1.3327721661055,21.1934156378601,60.5826786382342,17.4990647212869,42.9199401421624,19.734380845492,30.3404414515526,63.9263000374111,11.5273101384212,92.251215862327,78.2641227085672,4.9569771791994,9.44163860830528,-45.4498690609802
300,5.14870931537598,0.598578376356154,13.2856341189675,59.4977553310887,15.9792368125701,41.3767302656192,27.8572764683876,30.4620276842499,57.8750467639357,11.6208380097269,91.9612794612795,77.6561915450804,12.9068462401796,6.84156378600823,43.4016086793865
301,-5.14870931537598,0.561167227833894,12.4859708193042,59.4229330340441,14.4594089038533,40.7641227085672,27.5813692480359,30.3731762065095,57.8750467639357,10.2506546950991,88.3931911709689,67.8217358772914,10.2927422371867,5.6490834268612,64.2396184062851
302,5.11597456041901,0.402169846614291,11.3028432472877,61.0129068462402,12.2615039281706,37.4111485222596,26.6180321735877,21.0297418630752,47.6056864945754,11.7564534231201,82.8703703703704,63.262252151141,7.76281331836887,5.77066965955855,63.8935652824542
303,4.81200897867565,0.397493453049009,10.4423868312757,59.5258136924804,19.0750093527871,34.7830153385709,35.1664796109241,17.2044519266741,41.3486719042275,12.0136550692106,79.138608305275,63.1266367377479,6.59371492704826,8.10419004863449,68.906659184437
304,5.01309390198279,0.411522633744856,9.88589599700711,54.9569771791994,22.5028058361392,32.5243172465395,31.2008978675645,17.003367003367,37.4298540965208,11.8453049008605,75.7903105125327,51.4964459408904,4.28357650579873,35.7603815937149,77.515899738122
305,5.01309390198279,0.434904601571268,8.05274971941639,52.6234567901235,29.0544332210999,32.4027310138421,27.2867564534231,14.122708567153,35.082304526749,10.0402169846614,71.8153759820427,46.3430602319491,3.0115974560419,51.9921436588103,85.0635989524878
306,4.56883651328096,0.341376730265619,6.30845491956603,46.9322858211747,24.9719416386083,32.0286195286195,21.3103254769921,13.2528993640105,30.4433221099888,7.95922184811074,69.7437336326225,42.7235316124205,4.11522633744856,50.462962962963,83.6793864571642
307,3.72708567153012,0.341376730265619,4.30228208005986,45.7351290684624,19.636176580621,29.5220725776281,16.9893378226712,12.0417134306023,29.1853722409278,7.58043396932286,67.5738870183315,39.9457538346427,4.11054994388328,46.4225589225589,77.8338945005612
308,3.69902731013842,2.08099513655069,3.7037037037037,45.0804339693229,16.5076692854471,28.9702581369248,15.5723905723906,10.3488589599701,24.635241301908,6.73868312757202,65.8576505798728,39.8475495697718,1.21118593340816,52.2961092405537,74.8269734380846
309,2.43640104751216,2.60475121586233,2.80583613916947,39.8148148148148,15.198279087168,27.0903479236813,12.7572016460905,9.65675271230827,24.5463898241676,6.35054246165357,63.2341937897493,39.8989898989899,0.804339693228582,48.8729891507669,71.1139169472503
310,3.60549943883277,-2.60475121586233,2.71698466142911,40.5069210624766,13.1593714927048,26.1316872427984,12.897493453049,8.61391694725028,25.3179947624392,5.00374111485223,61.4992517770296,39.8989898989899,0.491021324354658,41.7648709315376,67.7469135802469
311,3.84867190422746,2.62813318368874,2.23531612420501,49.7287691732136,11.1906098017209,22.582304526749,12.467265245043,8.40815563037785,33.8009726898616,4.68106995884774,59.6801346801347,52.268050879162,0.621960344182566,37.0978301533857,65.7968574635241
312,3.63355780022447,8.33800972689862,1.7068836513281,49.7287691732136,11.1906098017209,21.2822671156004,12.350355405911,8.02001496445941,34.221848110737,3.63823419378975,57.0613542835765,51.40759446315,4.21810699588477,37.0931537598204,63.1874298540965
313,4.38178077066966,8.48297792742237,1.46838757949869,88.2762813318369,9.9420127197905,19.734380845492,14.5342312008979,7.71604938271605,50.2712308267864,2.95548073325851,56.7994762439207,45.1178451178451,4.70912832023943,64.950430228208,62.1586232697344
314,4.38178077066966,12.3690609801721,1.16442199775533,88.4820426487093,11.0222596333707,19.0609801720913,11.9809203142536,7.25776281331837,51.2018331462776,2.88533482977927,56.3458660680883,38.6083052749719,4.70912832023943,65.6238309016087,62.1913580246914
315,4.29292929292929,10.0074822297045,1.01945379723157,93.5278713056491,10.9193789749345,17.6720912832024,9.88121960344183,7.15020576131687,46.7124953236064,2.87598204264871,51.1083052749719,45.9362139917695,1.7583239805462,60.4423868312757,77.3241676019454
316,2.77777777777778,10.0074822297045,0.757575757575758,90.7173587729143,9.52581369248036,14.6745230078563,7.61316872427984,6.4768050879162,42.0173961840629,18.4156378600823,48.774784885896,44.9448185559297,0.327347549569772,58.426861204639,77.665544332211
317,3.06303778526001,5.81275720164609,0.823045267489712,79.2789001122334,9.78769173213618,13.9356528245417,7.46820052375608,5.99981294425739,41.0540591096147,18.3408155630378,44.4070332959222,40.2964833520389,0.233819678264123,58.3988028432473,70.8099513655069
318,2.74036662925552,4.71380471380471,0.72484100261878,74.9111485222596,9.68013468013468,14.1367377478489,7.48690609801721,5.35447063224841,37.0744481855593,9.44163860830528,42.4195660306771,39.702581369248,0.327347549569772,53.2313879536102,70.2908716797606
319,2.99289188178077,4.02169846614291,0.561167227833894,73.8028432472877,11.125140291807,19.1638608305275,20.0243172465395,4.72315750093528,33.146277590722,9.62869435091657,40.56303778526,35.2506546950991,0.201084923307146,51.2953610175832,66.4655817433595
320,14.7166105499439,3.26412270856715,0.458286569397681,74.321922933034,12.1820052375608,18.6821922933034,19.4678264122709,4.89150766928545,31.6732136176581,11.6021324354658,39.2022072577628,35.0635989524878,2.22596333707445,42.7936775158997,64.7820800598578
321,17.4289188178077,2.89936401047512,0.388140665918444,80.1954732510288,12.0183314627759,19.4023569023569,13.3323980546203,4.37710437710438,31.4580995136551,68.658810325477,38.6410400299289,39.7867564534231,2.46913580246914,39.0478862701085,61.6582491582492
322,10.4751215862327,2.46913580246914,0.921249532360643,80.3731762065095,9.90927796483352,27.1277590722035,11.8686868686869,4.3443696221474,30.2328843995511,69.1124205013094,39.5997007108118,44.8887018331463,0.74354657687991,34.3621399176955,61.2280209502432
323,10.4751215862327,2.25869809203143,8.12757201646091,75.5097268986158,8.97399925177703,35.8679386457164,11.8125701459035,3.96558174335952,28.0910961466517,64.089973812196,37.7899364010475,43.1818181818182,0.355405910961467,30.9390198279087,59.7222222222222
324,53.2080059857838,1.87523381967826,11.7611298166854,74.6820052375608,7.9685746352413,34.3668163112608,7.8095772540217,3.9188178077067,25.8557800224467,61.424429479985,34.9934530490086,41.3486719042275,0.280583613916947,29.6623643845866,58.8757949869061
325,54.5267489711934,1.51515151515152,10.0402169846614,71.9135802469136,7.76281331836887,32.8376356154134,6.9818555929667,3.88140665918444,23.4240553684998,53.3857089412645,34.0862326973438,39.7259633370744,0.416199027310138,26.7255892255892,57.0660306771418
326,45.2674897119342,1.42630003741115,5.85484474373363,69.7390572390572,7.86569397680509,28.6475869809203,8.23980546202768,3.54938271604938,23.0826786382342,48.5362888140666,32.4915824915825,37.8039655817434,0.341376730265619,25.9352787130565,57.9732510288066
327,34.5632248410026,0.977366255144033,3.64758698092031,65.4882154882155,26.4683875794987,27.5018705574261,8.15095398428732,3.39973812196034,23.3866442199776,34.4603441825664,31.2008978675645,33.6513280957725,0.30396558174336,31.7573887018331,58.0246913580247
328,23.4380845491957,0.97268986157875,2.81518892630004,64.7493453049009,26.9594089038533,24.0319865319865,9.92798353909465,2.79180695847363,24.2003367003367,16.1195286195286,28.8767302656192,32.3419378974935,0.430228208005986,56.6030677141788,57.2203516647961
329,18.4530490086046,0.869809203142537,1.09427609427609,64.7493453049009,21.3477366255144,22.7085671530116,9.24990647212869,4.1573138795361,23.4614665170221,11.639543583988,26.9640852974186,30.4854096520763,0.448933782267116,62.8554059109615,54.1666666666667
330,16.8724279835391,2.67022072577628,0.729517396184063,59.6006359895249,11.7891881780771,19.12177328844,9.29199401421624,3.97493453049009,21.473999251777,6.95847362514029,25.794986906098,26.4683875794987,12.7852600074822,60.4751215862327,54.6483352038908
331,12.1258885147774,2.57201646090535,0.752899364010475,59.006734006734,7.59446315001871,15.960531238309,15.2403666292555,3.49794238683128,20.066404788627,5.6490834268612,24.6212121212121,28.0396558174336,15.595772540217,57.0332959221848,63.2014590347924
332,11.3870183314628,2.20258136924804,0.720164609053498,55.5415263748597,6.86962214739992,14.5997007108118,14.487467265245,3.14721286943509,17.0594837261504,11.424429479985,24.1208380097269,28.030303030303,8.54844743733633,49.0974560419005,63.2014590347924
333,8.00598578376356,1.36083052749719,0.383464272353161,52.7543958099514,5.83146277590722,13.112607557052,11.5179573512907,9.93733632622522,15.7267115600449,11.2607557052002,23.2931163486719,26.3608305274972,6.78544706322484,45.9923307145529,60.9567901234568
334,5.74261129816685,1.04283576505799,0.22914328469884,52.8058361391695,4.96632996632997,12.4579124579125,7.10344182566405,11.4150766928545,15.8249158249158,9.08623269734381,22.5869809203143,26.3935652824542,2.87130564908343,42.1389824167602,58.9973812196034
335,5.66778900112233,1.17845117845118,0.215114104002993,49.0693976805088,5.52749719416386,10.6668537224093,6.58903853348298,11.0082304526749,14.4079685746352,7.2484100261878,21.4599700710812,24.4575383464272,2.16049382716049,38.9029180695847,55.6631126075571
336,5.50879161990273,1.15039281705948,0.350729517396184,49.1488963711186,5.80340441451553,10.0729517396184,5.81743359521137,8.97867564534231,14.0245043022821,5.60699588477366,19.8980546202768,23.6812570145903,4.43789749345305,32.5851103628881,55.3404414515526
337,7.6505798728021,1.00074822297045,0.350729517396184,48.5783763561541,11.3168724279835,8.48297792742237,5.73325851103629,6.76674148896371,13.2669285447063,5.20482603815937,18.4156378600823,24.2096894874673,4.20407781518893,27.2446689113356,52.8853348297793
338,24.934530490086,3.20800598578376,0.350729517396184,46.5955854844744,10.6200897867565,7.84231200897868,5.85484474373363,6.01384212495324,13.2108118219229,3.78787878787879,16.5591096146652,24.1676019453797,0.963337074448186,25.4395809951366,50.9586606808829
339,25.1402918069585,3.20800598578376,0.841750841750842,42.8077066965956,9.1142910587355,6.79012345679012,5.4900860456416,5.07388701833146,12.3550317994762,2.02020202020202,16.7368125701459,21.8995510662177,1.15974560419005,23.0265619154508,49.2658062102507
340,22.8114478114478,2.84324728769173,0.841750841750842,41.5544332210999,6.82753460531238,5.98110736999626,5.9156378600823,4.54077815188926,11.5740740740741,2.01084923307146,35.082304526749,21.7078189300412,0.603254769921437,22.4186307519641,48.2042648709315
341,21.5441451552563,1.65076692854471,2.3709315375982,39.2957351290685,5.63505424616536,5.9156378600823,24.6071829405163,3.61952861952862,11.3449307893752,50.9118967452301,37.3690609801721,21.4365881032548,0.575196408529742,19.3181818181818,47.6711560044893
342,15.9745604190049,0.911896745230079,3.20332959221848,37.8367003367003,4.38178077066966,5.04115226337449,62.9863449307894,3.12850729517396,10.6575009352787,51.1176580621025,31.9163860830527,21.6704077815189,0.434904601571268,18.6634867190423,46.1139169472503
343,12.5982042648709,0.47699214365881,2.33819678264123,37.1820052375608,4.00766928544706,5.10662177328844,65.6238309016087,2.78713056490834,10.727646838758,44.0750093527871,29.5080433969323,21.4412644968201,0.341376730265619,17.0781893004115,46.0905349794239
344,10.6762065095398,0.74354657687991,1.73961840628507,35.59670781893,3.68499812944257,4.83071455293677,65.6238309016087,2.17919940142162,9.24990647212869,43.7897493453049,25.4489337822671,21.1139169472503,0.173026561915451,16.1195286195286,45.3750467639357
345,8.45491956603068,0.74354657687991,0.30396558174336,34.7502805836139,2.96483352038908,10.4330340441452,62.2287691732136,2.5065469509914,8.89450056116723,34.1984661429106,22.3578376356154,20.8193041526375,0.191732136176581,15.4928918817808,44.7998503554059
346,7.88439955106622,0.631313131313131,0.112233445566779,32.8282828282828,3.18930041152263,11.6114852225963,61.737747848859,27.1932285821175,8.94126449682005,46.1232697343808,19.3742985409652,19.9027310138421,0.205761316872428,14.6932285821175,43.6494575383464
347,6.46745230078563,0.453610175832398,0.177702955480733,30.8267863823419,3.4652076318743,7.71604938271605,57.6646090534979,30.4292929292929,8.91788252899364,46.2308267863823,13.2435465768799,19.7109988776655,0.215114104002993,15.2964833520389,43.1818181818182
348,6.26636737747849,0.420875420875421,0.163673774784886,29.3256640478863,3.74579124579125,4.8494201271979,55.7987280209502,24.2704826038159,63.2295173961841,35.59670781893,11.6161616161616,19.2573887018331,0.299289188178077,14.3752338196783,42.3400673400673
349,5.29835390946502,0.439580995136551,0.144968200523756,28.2267115600449,3.63823419378975,3.41376730265619,52.5533108866442,23.4474373363262,67.185746352413,28.6662925551814,13.6036288814067,18.8598952487841,0.215114104002993,13.4025439580995,42.0641601197157
350,4.02169846614291,0.388140665918444,0.130939019827909,29.0778151889263,2.56266367377478,3.18930041152263,50.2572016460905,23.8776655443322,58.7729143284699,20.4545454545455,16.0634118967452,18.6447811447811,0.130939019827909,12.6636737747849,41.9004863449308
351,6.20557426112982,0.383464272353161,0.116909839132061,-29.0778151889263,3.07706696595585,2.71698466142911,48.8402543958099,19.6595585484474,43.8505424616536,13.6223344556678,14.370557426113,18.6307519640853,0.0794986906098017,12.2194163860831,40.2543958099514
352,5.87822671156005,0.322671156004489,0.140291806958474,-29.0778151889263,3.02562663673775,2.59072203516648,47.0491956603068,8.23980546202768,31.5142162364385,11.274784885896,14.0993265993266,17.2044519266741,0.0794986906098017,11.7751589973812,39.618406285073
353,5.87822671156005,0.313318368873924,0.121586232697344,-29.0778151889263,2.96950991395436,2.81986531986532,45.7304526748971,3.55405910961466,15.3946876169098,6.93976805087916,12.897493453049,16.7461653572765,0.173026561915451,10.6715301159746,40.3526000748223
354,5.87822671156005,0.308641975308642,0.121586232697344,-29.0778151889263,8.24915824915825,2.68424990647213,42.0454545454545,3.19397680508792,13.1032547699214,6.01851851851852,11.0549943883277,16.3019079685746,0.173026561915451,10.5733258511036,42.7609427609428
355,61.7003367003367,0.289936401047512,0.0982042648709315,-29.0778151889263,8.14160119715675,2.17919940142162,40.5723905723906,2.52525252525253,-13.1032547699214,3.99364010475122,9.82510288065844,15.7080059857838,5.66311260755705,10.5873550317995,43.3688739244295
356,62.1165357276468,0.308641975308642,28.2734754956977,-29.0778151889263,6.88832772166105,2.01084923307146,37.3363262252151,2.38028432472877,-13.1032547699214,3.06303778526001,8.19771791994014,15.7734754956977,5.943696221474,10.6575009352787,41.8490460157127
357,60.6200897867565,0.308641975308642,30.0598578376356,-29.0778151889263,7.36064347175458,2.61878039655817,35.7650579872802,2.01552562663674,-13.1032547699214,2.25402169846614,7.78151889263,15.6846240179574,5.44799850355406,10.414328469884,40.9231200897868
358,58.6980920314254,0.28526000748223,22.0351664796109,-29.0778151889263,9.77366255144033,2.60007482229704,33.9786756453423,1.65076692854471,-13.1032547699214,1.60400299289188,8.17901234567901,15.6378600823045,5.29367751589974,10.1337448559671,39.7961092405537
359,37.6870557426113,0.392817059483726,5.71455293677516,27.450430228208,9.42760942760943,1.56659184436962,30.7472876917321,1.50579872802095,7.55705200149645,1.33744855967078,13.6176580621025,15.132809577254,1.47774036662926,10.1524504302282,39.5248784137673
360,29.5501309390198,0.855780022446689,4.40983913206135,24.75215114104,6.64983164983165,1.61803217358773,29.7652450430228,1.22053872053872,5.72858211747101,1.19715675271231,14.8381967826412,14.5903479236813,1.44500561167228,9.91863075196409,38.3323980546203
361,20.4732510288066,0.855780022446689,1.40759446315002,24.0460157126824,4.69977553310887,1.5993265993266,26.5338570894126,1.22053872053872,5.77534605312383,0.832398054620277,13.5568649457538,14.0432098765432,9.17040778151889,9.52113729891508,37.8226711560045
362,18.8692480359147,0.617283950617284,0.346053123830902,23.2697343808455,6.01851851851852,2.23063973063973,26.5619154508043,1.15039281705948,5.93901982790872,0.617283950617284,12.1586232697344,13.6129816685372,9.08623269734381,9.00205761316872,36.705013093902
363,15.6752712308268,0.346053123830902,0.2665544332211,23.2136176580621,6.00916573138795,2.20725776281332,25.5050505050505,1.24392068836513,5.15338570894126,0.523756079311635,10.1103628881407,13.7392442947998,2.47381219603442,9.16105499438833,36.0877291432847
364,15.4788627010849,0.406846240179573,0.21043771043771,23.7981668537224,4.35839880284325,2.12308267863823,24.6212121212121,1.10830527497194,4.00766928544706,0.430228208005986,9.07687991021324,13.542835765058,0.406846240179573,8.81967826412271,35.8632622521511
365,11.8499812944257,0.378787878787879,0.182379349046016,23.4521137298915,3.16591844369622,1.53385708941264,19.6782641227086,1.06154133931912,3.72708567153012,0.28526000748223,8.63729891507669,13.3698092031425,0.313318368873924,8.59521137298915,35.4564160119716
366,10.7182940516274,,,,3.0115974560419,,,,4.07313879536102,,,,0.289936401047512,,